DATE,FFTR,UNRATE,Oil,PCE,DispInc,gdp_gap,GDP,EXPGS,IMPGS,ind_prod,m2,m2_velo,nasdaq,pci,gbp_dollar,pct_recession,yen_dollar,yield_curve
1987-08-11,6.625,5.9,19.45,3.6,6574.0,-1.1962137592854398,4884.555,371.854,517.318,58.6889,2792.5,1.751,449.36,4.293051178,1.5697,0.04,151.77,1.04
1987-09-01,6.75,5.9,18.43,3.6,6575.3,-1.1962137592854398,4884.555,371.854,517.318,58.9137,2781.585714285714,1.751,452.5,4.305931321,1.6401,0.0,141.83,1.07
1987-10-01,7.3125,6.0,18.5,4.1,6619.6,-0.2932828935712549,5007.994,392.107,537.511,59.7083,2789.9571428571426,1.776,448.45,4.356981982,1.6165,0.0,146.9,1.04
1987-11-01,7.3125,5.8,18.686666666666667,4.1,6648.1,-0.2932828935712549,5007.994,392.107,537.511,60.0022,2810.5,1.776,326.6533333333333,4.329616016,1.7331666666666667,0.02,137.46666666666667,1.2733333333333334
1987-12-01,6.8125,5.7,17.65,4.1,6711.5,-0.2932828935712549,5007.994,392.107,537.511,60.3336,2821.557142857143,1.776,305.24,4.291749243,1.818,0.06,133.0,1.24
1988-01-01,6.8125,5.7,17.6875,3.9,6730.2,-0.5594152430061886,5073.372,418.727,542.714,60.3186,2852.142857142857,1.768,332.4725,4.373233966,1.8838249999999999,0.36,121.6125,1.06
1988-02-01,6.625,5.7,16.1,3.9,6773.5,-0.5594152430061886,5073.372,418.727,542.714,60.6209,2844.6,1.768,346.2,4.375628463,1.758,0.0,129.38,1.04
1988-03-01,6.5,5.7,14.18,3.9,6804.3,-0.5594152430061886,5073.372,418.727,542.714,60.7591,2858.9285714285716,1.768,367.32,4.440936865,1.7775,0.0,128.27,1.04
1988-04-01,6.75,5.4,15.620000000000001,4.9,6830.1,-0.0374417819371501,5190.036,439.471,546.098,61.1144,2904.4142857142856,1.774,373.9525,4.37597416,1.89,0.02,124.0,1.145
1988-05-01,6.75,5.6,16.166666666666668,4.9,6841.7,-0.0374417819371501,5190.036,439.471,546.098,60.9952,2905.342857142857,1.774,379.57,4.432652625,1.8738333333333332,0.12,124.94,1.1533333333333333
1988-06-01,7.25,5.4,16.33,4.9,6868.5,-0.0374417819371501,5190.036,439.471,546.098,61.1697,2916.8285714285716,1.774,374.81,4.673118224,1.8235,0.0,125.2,0.94
1988-07-01,7.5,5.4,13.95,4.7,6898.2,-0.2303704962952582,5282.835,453.586,552.849,61.1749,2938.9,1.79,394.69,4.70086963,1.701,0.06,134.1,0.79
1988-08-01,7.6875,5.6,15.6,4.7,6918.4,-0.2303704962952582,5282.835,453.586,552.849,61.4851,2944.5,1.79,388.0,4.674256215,1.713,0.04,132.8,0.71
1988-09-01,8.125,5.4,14.15,4.7,6932.4,-0.2303704962952582,5282.835,453.586,552.849,61.2844,2944.5142857142855,1.79,372.96,4.721200474,1.669,0.02,136.35,0.57
1988-10-01,8.125,5.4,11.82,4.5,6969.9,0.3176083505780232,5399.509,466.619,574.314,61.5595,2945.114285714286,1.813,386.6333333333333,4.607887381,1.6935,0.0,133.81666666666666,0.43666666666666665
1988-11-01,8.125,5.3,12.18,4.5,6971.9,0.3176083505780232,5399.509,466.619,574.314,61.7128,2957.2714285714287,1.813,382.35,4.742903047,1.7668,0.0,125.3,0.43
1988-12-01,8.375,5.3,14.93,4.5,7005.2,0.3176083505780232,5399.509,466.619,574.314,61.9983,2987.7285714285717,1.813,373.87,4.790034691,1.8525,0.02,121.6,0.15
1989-01-01,8.6875,5.4,16.314999999999998,4.4,7033.4,0.5600660033169959,5511.253,485.189,586.154,62.1789,3012.6142857142854,1.84,379.97,4.748201473,1.8155000000000001,0.16,124.32499999999999,0.01
1989-02-01,9.0,5.2,16.4,4.4,7052.7,0.5600660033169959,5511.253,485.189,586.154,61.9074,2972.342857142857,1.84,403.23,4.783533199,1.7535,0.64,129.6,-0.13
1989-03-01,9.75,5.0,17.25,4.4,7087.1,0.5600660033169959,5511.253,485.189,586.154,62.0592,2982.0714285714284,1.84,399.8,4.750414948,1.724,0.44,128.1,-0.19
1989-04-01,9.75,5.2,20.183333333333334,3.7,7050.0,0.5565991094197837,5612.463,507.229,595.389,62.0424,3007.4714285714285,1.861,407.0366666666667,4.618488017,1.6854666666666667,0.68,132.53,-0.4033333333333333
1989-05-01,9.75,5.2,19.4,3.7,7017.2,0.5565991094197837,5612.463,507.229,595.389,61.6948,2998.8,1.861,427.47,4.742747969,1.68,1.12,134.07,-0.22
1989-06-01,9.8125,5.3,18.08,3.7,7036.7,0.5565991094197837,5612.463,507.229,595.389,61.6915,3003.214285714286,1.861,448.32,4.74510822,1.573,1.0,142.73,-0.21
1989-07-01,9.5625,5.2,18.32,3.0,7061.3,0.5400232059171639,5695.365,509.352,584.427,61.0978,3030.5857142857144,1.853,435.5266666666667,4.893807623,1.5584666666666667,1.24,143.08333333333334,0.03666666666666667
1989-08-01,9.0625,5.2,16.23,3.0,7080.0,0.5400232059171639,5695.365,509.352,584.427,61.6949,3049.2000000000003,1.853,453.29,4.854148787,1.6545,0.14,136.82,0.28
1989-09-01,9.0625,5.3,17.33,3.0,7101.4,0.5400232059171639,5695.365,509.352,584.427,61.4839,3072.5,1.853,471.34,4.669891213,1.557,0.22,145.85,-0.18
1989-10-01,9.0625,5.3,18.46333333333333,3.7,7136.8,-0.0079374513962024,5747.237,515.387,598.152,61.4105,3086.1857142857143,1.834,474.43333333333334,4.802933382,1.6167,0.18,139.51999999999998,-0.18333333333333335
1989-11-01,8.75,5.4,19.23,3.7,7144.0,-0.0079374513962024,5747.237,515.387,598.152,61.6172,3108.657142857143,1.834,456.64,4.797568826,1.5818,0.1,143.11,0.04
1989-12-01,8.5,5.4,18.68,3.7,7144.7,-0.0079374513962024,5747.237,515.387,598.152,61.9635,3144.6857142857143,1.834,457.1,4.829006386,1.566,0.04,143.1,0.11
1990-01-01,8.25,5.4,21.1625,4.7,7187.4,0.3536106562754014,5872.701,538.232,626.767,61.644,3181.9,1.848,458.2025,4.905908309,1.611875,0.22,145.6375,0.0675
1990-02-01,8.25,5.3,20.58,4.7,7203.3,0.3536106562754014,5872.701,538.232,626.767,62.2108,3153.6857142857143,1.848,417.76,4.91755923,1.6815,0.0,144.9,0.14
1990-03-01,8.25,5.2,19.33,4.7,7206.1,0.3536106562754014,5872.701,538.232,626.767,62.5068,3175.3571428571427,1.848,427.21,5.19152475,1.665,0.18,149.67,0.06
1990-04-01,8.25,5.4,18.10333333333333,4.5,7253.4,0.0103065212459821,5960.028,545.925,614.759,62.3597,3203.0285714285715,1.859,433.9666666666667,5.276985365,1.637,1.02,158.54,0.02333333333333333
1990-05-01,8.25,5.4,16.43,4.5,7245.8,0.0103065212459821,5960.028,545.925,614.759,62.5474,3191.157142857143,1.859,421.85,5.166732439,1.6405,1.04,158.85,0.06
1990-06-01,8.25,5.2,15.43,4.5,7257.3,0.0103065212459821,5960.028,545.925,614.759,62.7541,3193.1714285714284,1.859,462.13,5.370697673,1.6838,2.4,151.39,0.11
1990-07-01,8.25,5.5,15.51,4.1,7283.7,-0.6012430384584527,6015.116,555.149,630.102,62.6497,3214.0,1.856,462.12333333333333,5.516605952,1.7572666666666668,9.0,151.63,0.18333333333333332
1990-08-01,8.0,5.7,19.93,4.1,7239.1,-0.6012430384584527,6015.116,555.149,630.102,62.8761,3217.1428571428573,1.856,435.91,5.836270781,1.855,18.64,147.25,0.44
1990-09-01,8.0,5.9,28.71,4.1,7236.8,-0.6012430384584527,6015.116,555.149,630.102,62.896,3240.5285714285715,1.856,381.325,5.930360317,1.88795,36.48,143.835,0.795
1990-10-01,8.0,5.9,38.95,3.4,7178.7,-2.1491512992052035,6004.733,568.186,647.282,62.506,3242.6,1.839,354.65,5.798506168,1.889,59.08,136.9,0.77
1990-11-01,7.75,6.2,35.65,3.4,7181.9,-2.1491512992052035,6004.733,568.186,647.282,61.7271,3247.6428571428573,1.839,330.6,5.683108196,1.95,62.9,130.48,0.89
1990-12-01,7.5,6.3,31.216666666666665,3.4,7224.7,-2.1491512992052035,6004.733,568.186,647.282,61.2939,3263.2285714285713,1.839,359.81333333333333,5.651092078,1.9326333333333334,61.0,133.53333333333333,0.7233333333333333
1991-01-01,7.0,6.4,27.565,3.6,7205.7,-3.223153269127985,6035.178,573.177,620.317,61.0931,3294.214285714286,1.826,373.015,5.815290409,1.9355,58.88,135.175,0.91
1991-02-01,6.25,6.6,20.8,3.6,7216.8,-3.223153269127985,6035.178,573.177,620.317,60.6522,3278.9,1.826,417.69,5.8623588,1.9763,51.28,131.45,1.08
1991-03-01,6.25,6.8,19.33,3.6,7229.1,-3.223153269127985,6035.178,573.177,620.317,60.3069,3303.657142857143,1.826,456.73,5.474284579,1.898,34.32,134.55,0.94
1991-04-01,6.0,6.7,18.0,3.1,7258.0,-3.0671230229339157,6126.862,590.733,613.921,60.4658,3339.8,1.833,480.86,5.276160434,1.7585,4.2,140.2,1.06
1991-05-01,5.75,6.9,19.7,3.1,7259.5,-3.0671230229339157,6126.862,590.733,613.921,61.0671,3319.3714285714286,1.833,487.85,5.222445891,1.7265,0.74,137.6,1.21
1991-06-01,5.75,6.9,19.0,3.1,7296.7,-3.0671230229339157,6126.862,590.733,613.921,61.5611,3334.2714285714283,1.833,506.44,4.934653949,1.6976333333333333,0.28,138.66,1.3699999999999999
1991-07-01,5.75,6.8,18.53,3.6,7282.0,-3.161250458714777,6205.937,600.595,621.669,61.723,3346.1,1.85,481.31,4.713410392,1.614,0.34,138.4,1.29
1991-08-01,5.75,6.9,19.73,3.6,7298.3,-3.161250458714777,6205.937,600.595,621.669,61.736,3343.3285714285716,1.85,504.15,4.393094508,1.6735,0.32,137.67,1.36
1991-09-01,5.5,6.9,20.61,3.6,7317.7,-3.161250458714777,6205.937,600.595,621.669,62.2464,3343.214285714286,1.85,523.295,4.443594793,1.6855,0.18,136.435,1.47
1991-10-01,5.25,7.0,21.15,3.2,7328.0,-3.4012036035691624,6264.54,615.217,638.27,62.1825,3330.7714285714287,1.861,528.51,4.288991989,1.7485,0.58,133.2,1.46
1991-11-01,5.0,7.0,22.53,3.2,7338.4,-3.4012036035691624,6264.54,615.217,638.27,62.0983,3351.1714285714284,1.861,540.93,4.34967757,1.7498,0.62,130.3,1.83
1991-12-01,4.75,7.3,19.76,3.2,7403.6,-3.4012036035691624,6264.54,615.217,638.27,61.8108,3374.842857142857,1.861,528.5733333333333,4.346967664,1.7725,0.56,129.99333333333334,1.9933333333333334
1992-01-01,4.0,7.3,18.1,3.1,7474.8,-2.8207350378644462,6363.102,625.287,645.823,61.4898,3382.457142857143,1.874,586.395,4.052308746,1.867,0.16,124.7,1.9749999999999999
1992-02-01,4.0,7.4,18.216666666666665,3.1,7507.2,-2.8207350378644462,6363.102,625.287,645.823,61.9299,3372.485714285714,1.874,621.2833333333333,3.861765064,1.7925,0.06,125.68333333333334,2.2033333333333336
1992-03-01,4.0,7.4,17.383333333333333,3.1,7513.8,-2.8207350378644462,6363.102,625.287,645.823,62.449,3389.642857142857,1.874,634.8033333333334,3.975844252,1.7548666666666666,0.02,129.47,1.9533333333333334
1992-04-01,4.0,7.4,18.38,2.9,7535.0,-2.3491593504801767,6470.763,626.163,658.951,62.9312,3404.7428571428572,1.905,602.09,4.066438773,1.7265,0.0,134.5,1.93
1992-05-01,3.75,7.6,19.83,2.9,7570.2,-2.3491593504801767,6470.763,626.163,658.951,63.1359,3389.842857142857,1.905,578.14,3.926410529,1.786,0.1,132.75,2.23
1992-06-01,3.75,7.8,20.9,2.9,7601.6,-2.3491593504801767,6470.763,626.163,658.951,63.1736,3383.8,1.905,588.37,3.860188559,1.8227,0.08,127.45,2.1
1992-07-01,3.75,7.7,20.25,2.4,7595.9,-1.977374636586606,6566.641,639.365,677.853,63.7408,3374.6714285714284,1.931,568.99,3.769367667,1.911,0.02,124.92,2.28
1992-08-01,3.25,7.6,20.363333333333333,2.4,7622.6,-1.977374636586606,6566.641,639.365,677.853,63.3917,3384.928571428571,1.931,581.34,3.628120085,1.9212333333333333,0.4,127.32666666666667,2.3066666666666666
1992-09-01,3.25,7.6,19.88,2.4,7586.9,-1.977374636586606,6566.641,639.365,677.853,63.5927,3390.5857142857144,1.931,565.61,3.349237754,1.996,0.12,122.95,2.44
1992-10-01,3.0,7.3,20.28,3.0,7537.9,-1.555440395531762,6680.803,641.396,688.536,64.0282,3392.3714285714286,1.951,578.33,3.6359146,1.734,0.06,120.0,2.56
1992-11-01,3.0,7.4,19.21,3.0,7549.3,-1.555440395531762,6680.803,641.396,688.536,64.2732,3419.1857142857143,1.951,606.77,3.629469745,1.5428333333333333,0.06,123.73333333333333,2.4066666666666667
1992-12-01,3.0,7.4,18.65,3.0,7818.6,-1.555440395531762,6680.803,641.396,688.536,64.3668,3429.942857142857,1.951,653.95,3.478262556,1.535,0.04,124.4,2.13
1993-01-01,3.0,7.3,17.82,2.8,7648.1,-1.9938035707008452,6729.459,643.606,699.31,64.6256,3444.6142857142854,1.971,675.6625,3.528455109,1.5099999999999998,0.04,124.9875,2.1350000000000002
1993-02-01,3.0,7.1,18.55,2.8,7684.5,-1.9938035707008452,6729.459,643.606,699.31,64.929,3385.9,1.971,701.77,3.561853788,1.454,0.04,124.95,2.19
1993-03-01,3.0,7.0,19.03,2.8,7660.8,-1.9938035707008452,6729.459,643.606,699.31,64.872,3396.7,1.971,669.51,3.334428143,1.4363,0.78,118.75,2.06
1993-04-01,3.0,7.1,18.98,3.1,7700.6,-2.0383039450068554,6808.939,653.094,716.281,65.0611,3414.4285714285716,1.985,686.64,3.404237829,1.526,0.06,114.1,2.12
1993-05-01,3.0,7.1,18.8625,3.1,7689.4,-2.0383039450068554,6808.939,653.094,716.281,64.8104,3408.3571428571427,1.985,663.1833333333333,3.532736691,1.5666666666666667,0.12,111.14666666666666,2.216666666666667
1993-06-01,3.0,7.0,18.48,3.1,7675.1,-2.0383039450068554,6808.939,653.094,716.281,64.9553,3430.6428571428573,1.985,704.28,3.569326945,1.551,0.02,107.23,1.91
1993-07-01,3.0,6.9,16.98,2.3,7694.3,-2.1902046987141697,6882.098,650.897,719.251,65.1198,3426.5285714285715,1.997,703.59,3.422616714,1.5065,0.02,107.85,1.81
1993-08-01,3.0,6.8,16.85,2.3,7705.4,-2.1902046987141697,6882.098,650.897,719.251,65.0494,3431.9714285714285,1.997,706.6733333333333,3.508810757,1.4881333333333333,0.06,104.58333333333333,1.6733333333333333
1993-09-01,3.0,6.7,16.55,2.3,7684.4,-2.1902046987141697,6882.098,650.897,719.251,65.3882,3430.7285714285713,1.997,746.15,3.642383692,1.5075,0.0,105.7,1.58
1993-10-01,3.0,6.8,17.08,2.1,7646.9,-1.488539039928411,7013.738,671.6,745.049,65.8702,3433.3714285714286,2.023,763.23,3.424737275,1.5048,0.02,106.05,1.5
1993-11-01,3.0,6.6,15.83,2.1,7668.1,-1.488539039928411,7013.738,671.6,745.049,66.1779,3448.6,2.023,783.77,3.436277096,1.4807,0.02,108.28,1.45
1993-12-01,3.0,6.5,14.43,2.1,7929.4,-1.488539039928411,7013.738,671.6,745.049,66.5602,3475.3571428571427,2.023,763.81,3.548475916,1.4805,0.02,108.7,1.62
1994-01-01,3.0,6.6,13.2425,1.8,7780.4,-1.1670371378905324,7115.652,681.232,761.827,66.7722,3497.9714285714285,2.047,774.7866666666666,3.375759896,1.477,0.0,111.96666666666667,1.5933333333333335
1994-02-01,3.0,6.6,15.03,1.8,7795.0,-1.1670371378905324,7115.652,681.232,761.827,66.8068,3441.9285714285716,2.047,797.24,3.415920384,1.503,0.08,108.05,1.57
1994-03-01,3.25,6.5,13.45,1.8,7820.5,-1.1670371378905324,7115.652,681.232,761.827,67.4832,3453.571428571429,2.047,788.64,3.570150943,1.4854,0.0,104.8,1.47
1994-04-01,3.5,6.4,13.466,2.7,7820.4,-0.469140292877086,7246.931,706.988,797.56,67.8771,3486.5,2.08,739.4475,3.354397547,1.4735,0.0,103.75,1.5675000000000001
1994-05-01,3.75,6.1,15.64,2.7,7910.6,-0.469140292877086,7246.931,706.988,797.56,68.1961,3470.1857142857143,2.08,738.4,3.225532887,1.5164,0.08,101.87666666666667,1.2966666666666666
1994-06-01,4.25,6.1,16.4,2.7,7898.1,-0.469140292877086,7246.931,706.988,797.56,68.6526,3469.885714285714,2.08,735.52,3.194738495,1.5172,0.04,104.7,1.14
1994-07-01,4.25,6.1,17.65,2.3,7905.0,-0.5374847284714706,7331.075,736.883,833.751,68.7353,3472.5,2.103,706.85,3.233880147,1.539,0.04,98.51,1.15
1994-08-01,4.25,6.0,19.03,2.3,7914.4,-0.5374847284714706,7331.075,736.883,833.751,69.1954,3479.9,2.103,724.85,3.306714086,1.5368,0.0,99.35,1.1
1994-09-01,4.75,5.9,16.03,2.3,7949.0,-0.5374847284714706,7331.075,736.883,833.751,69.4017,3471.6285714285714,2.103,758.95,3.254281644,1.5445,0.0,99.63,1.04
1994-10-01,4.75,5.8,16.77,2.0,8024.4,-0.0575947766580871,7455.288,758.646,860.559,69.969,3461.142857142857,2.139,763.1533333333333,3.164264289,1.5775,0.0,99.2,0.99
1994-11-01,4.75,5.6,17.4,2.0,8023.9,-0.0575947766580871,7455.288,758.646,860.559,70.4367,3465.842857142857,2.139,772.19,3.128282179,1.632,0.0,96.77,0.98
1994-12-01,5.5,5.5,16.98,2.0,8060.2,-0.0575947766580871,7455.288,758.646,860.559,71.1413,3495.7,2.139,741.2,2.901446577,1.5652,0.0,99.4,0.5
1995-01-01,5.5,5.6,16.055,2.1,8086.0,-0.361562718187212,7522.289,781.57,886.899,71.2762,3506.8857142857146,2.155,747.77,3.144200833,1.56445,0.16,100.06,0.15
1995-02-01,6.0,5.4,17.05,2.1,8102.0,-0.361562718187212,7522.289,781.57,886.899,71.1904,3463.842857142857,2.155,758.31,3.124100115,1.5805,0.2,99.4,0.33
1995-03-01,6.0,5.4,16.85,2.1,8124.2,-0.361562718187212,7522.289,781.57,886.899,71.2891,3471.657142857143,2.155,791.87,3.167481169,1.5843,0.16,96.75,0.42
1995-04-01,6.0,5.8,17.946666666666665,2.4,8064.0,-0.72812115871901,7580.997,798.851,908.343,71.1623,3497.157142857143,2.151,817.49,3.306684647,1.618,0.28,86.64999999999999,0.39666666666666667
1995-05-01,6.0,5.6,19.38,2.4,8145.6,-0.72812115871901,7580.997,798.851,908.343,71.5044,3490.5,2.151,841.63,3.355294523,1.618,0.18,83.53,0.47
1995-06-01,6.0,5.6,17.7,2.4,8169.8,-0.72812115871901,7580.997,798.851,908.343,71.743,3521.342857142857,2.151,868.82,3.332283478,1.5945,0.0,84.95,0.49
1995-07-01,6.0,5.7,16.503333333333334,1.9,8187.8,-0.5514106160627751,7683.125,831.399,905.843,71.4459,3544.4142857142856,2.142,933.8100000000001,3.386948974,1.5927333333333333,0.18,84.78666666666666,0.42
1995-08-01,5.75,5.7,16.1,1.9,8193.0,-0.5514106160627751,7683.125,831.399,905.843,72.38,3565.342857142857,2.142,991.11,3.23814109,1.5992,0.0,88.43,0.56
1995-09-01,5.75,5.6,16.25,1.9,8219.4,-0.5514106160627751,7683.125,831.399,905.843,72.6601,3584.8285714285716,2.142,1019.47,3.351697522,1.5533,0.06,97.49,0.44
1995-10-01,5.75,5.5,16.56,2.0,8228.4,-0.5571149970766494,7772.586,839.421,909.201,72.5428,3579.885714285714,2.147,1032.8933333333332,3.46411606,1.5871,0.18,100.17999999999999,0.33333333333333337
1995-11-01,5.75,5.6,16.53,2.0,8250.5,-0.5571149970766494,7772.586,839.421,909.201,72.7178,3594.614285714286,2.147,1040.5,3.37996065,1.5778,0.08,103.07,0.46
1995-12-01,5.75,5.6,17.18,2.0,8261.3,-0.5571149970766494,7772.586,839.421,909.201,72.9672,3629.8857142857146,2.147,1055.31,3.379829487,1.536,0.12,101.2,0.39
1996-01-01,5.5,5.6,18.875,1.6,8272.1,-0.503583770987961,7868.468,847.94,936.735,72.5866,3661.5,2.147,1057.02,3.277075064,1.55575,0.52,103.76,0.415
1996-02-01,5.25,5.5,16.78,1.6,8335.8,-0.503583770987961,7868.468,847.94,936.735,73.6389,3622.7428571428572,2.147,1069.46,3.259936249,1.5132,0.0,107.08,0.7
1996-03-01,5.25,5.5,18.55,1.6,8362.4,-0.503583770987961,7868.468,847.94,936.735,73.5202,3665.7714285714287,2.147,1086.08,3.134500987,1.5273,0.08,105.7,0.73
1996-04-01,5.25,5.6,20.8,1.9,8311.8,0.4173725005085466,8032.84,859.042,952.751,74.2664,3702.9,2.165,1106.57,3.004778103,1.5244,0.02,107.53,0.52
1996-05-01,5.25,5.6,18.95,1.9,8416.8,0.4173725005085466,8032.84,859.042,952.751,74.8145,3675.485714285714,2.165,1199.66,3.047772222,1.4948,0.02,105.08,0.65
1996-06-01,5.25,5.3,18.150000000000002,1.9,8467.1,0.4173725005085466,8032.84,859.042,952.751,75.3779,3700.142857142857,2.165,1241.8633333333335,3.051784638,1.5501666666666667,0.0,108.11666666666666,0.59
1996-07-01,5.25,5.5,19.77,1.8,8444.0,0.5288203582525389,8131.408,859.577,973.757,75.3754,3715.4,2.171,1197.45,3.087421545,1.5545,0.04,109.56,0.59
1996-08-01,5.25,5.1,18.84,1.8,8464.7,0.5288203582525389,8131.408,859.577,973.757,75.7568,3729.285714285714,2.171,1098.85,3.083473301,1.5572,0.04,106.75,0.57
1996-09-01,5.25,5.2,21.813333333333333,1.8,8483.9,0.5288203582525389,8131.408,859.577,973.757,76.2304,3732.757142857143,2.171,1141.895,3.063090207,1.56415,0.04,108.99000000000001,0.595
1996-10-01,5.25,5.2,23.18,2.3,8482.7,0.7345511044268469,8259.771,903.798,992.62,76.2193,3725.8857142857146,2.176,1221.51,2.943741816,1.564,0.1,111.37,0.62
1996-11-01,5.25,5.4,22.3,2.3,8505.1,0.7345511044268469,8259.771,903.798,992.62,76.8941,3764.571428571429,2.176,1221.78,2.980390413,1.6358,0.0,113.28,0.59
1996-12-01,5.25,5.4,23.39,2.3,8533.1,0.7345511044268469,8259.771,903.798,992.62,77.3731,3811.6285714285714,2.176,1297.4166666666665,3.05642197,1.6833333333333333,0.02,113.82666666666667,0.47
1997-01-01,5.25,5.3,24.174999999999997,1.6,8556.4,0.5039620551627727,8362.655,918.374,1027.213,77.5138,3847.1,2.174,1285.865,2.91241515,1.69965,0.0,115.63,0.56
1997-02-01,5.25,5.2,23.156666666666666,1.6,8579.2,0.5039620551627727,8362.655,918.374,1027.213,78.4246,3816.114285714286,2.174,1378.5833333333333,2.802464903,1.6053,0.0,121.39333333333333,0.5866666666666667
1997-03-01,5.25,5.2,19.326666666666668,1.6,8619.0,0.5039620551627727,8362.655,918.374,1027.213,78.9266,3840.3142857142857,2.174,1309.7266666666667,2.854608076,1.6249666666666667,0.0,120.93666666666667,0.47
1997-04-01,5.5,5.1,18.15,2.1,8624.5,1.251814681562012,8518.825,954.45,1039.651,78.9924,3885.5142857142855,2.19,1216.93,2.910920374,1.6485,0.0,122.7,0.48
1997-05-01,5.5,4.9,18.24,2.1,8661.9,1.251814681562012,8518.825,954.45,1039.651,79.4411,3862.4,2.19,1270.5,2.870203143,1.6238,0.0,126.64,0.42
1997-06-01,5.5,5.0,19.11,2.1,8689.7,1.251814681562012,8518.825,954.45,1039.651,79.8048,3880.285714285714,2.19,1403.3,2.828445596,1.6348666666666667,0.02,116.62666666666667,0.43666666666666665
1997-07-01,5.5,4.9,18.525,0.9,8723.1,1.5462092091598807,8662.823,974.057,1070.888,80.48,3894.614285714286,2.192,1438.25,2.752239262,1.6574,0.0,114.93,0.43
1997-08-01,5.5,4.8,19.33,0.9,8768.6,1.5462092091598807,8662.823,974.057,1070.888,81.2862,3920.0142857142855,2.192,1594.33,2.653670773,1.6348,0.0,118.47,0.31
1997-09-01,5.5,4.9,18.16,0.9,8791.5,1.5462092091598807,8662.823,974.057,1070.888,82.038,3957.2,2.192,1610.3975,2.544804261,1.59735,0.0,121.325,0.37
1997-10-01,5.5,4.7,19.87,1.3,8834.8,1.4141391728154569,8765.907,968.33,1085.344,82.7657,3946.4857142857145,2.184,1690.3,2.618900715,1.6145,0.0,120.8,0.29
1997-11-01,5.5,4.6,19.44,1.3,8892.2,1.4141391728154569,8765.907,968.33,1085.344,83.4321,3981.114285714286,2.184,1605.7333333333333,2.548580799,1.6778333333333333,0.0,120.60666666666667,0.21333333333333332
1997-12-01,5.5,4.7,18.01,1.3,8944.3,1.4141391728154569,8765.907,968.33,1085.344,83.7826,4032.4,2.184,1630.72,2.621535622,1.6825,0.02,129.15,0.08
1998-01-01,5.5,4.6,15.815,1.2,9022.9,1.406015931281002,8866.48,963.021,1098.236,84.1656,4074.514285714286,2.17,1575.94,2.673178027,1.6421999999999999,0.0,131.425,0.08499999999999999
1998-02-01,5.5,4.6,15.383333333333333,1.2,9081.2,1.406015931281002,8866.48,963.021,1098.236,84.3048,4039.5,2.17,1641.7133333333334,2.691552555,1.6361666666666665,0.06,126.8,0.21
1998-03-01,5.5,4.7,13.423333333333332,1.2,9134.4,1.406015931281002,8866.48,963.021,1098.236,84.3416,4097.757142857143,2.17,1762.53,2.672304266,1.6465666666666667,0.02,125.62666666666667,0.10333333333333333
1998-04-01,5.5,4.3,13.72,1.2,9164.1,1.2894390513228748,8969.699,947.295,1109.626,84.6263,4140.4571428571435,2.155,1847.66,2.640497846,1.674,0.02,133.76,0.07
1998-05-01,5.5,4.4,14.6,1.2,9202.0,1.2894390513228748,8969.699,947.295,1109.626,85.1839,4134.271428571428,2.155,1873.44,2.611332031,1.6675,0.02,133.01,0.08
1998-06-01,5.5,4.5,13.66,1.2,9254.2,1.2894390513228748,8969.699,947.295,1109.626,84.6809,4156.3,2.155,1746.82,2.600204475,1.6392,0.56,139.57,0.01
1998-07-01,5.5,4.5,11.93,1.4,9270.0,1.4903313029807648,9121.097,935.263,1109.897,84.3448,4167.9571428571435,2.155,1914.46,2.603335947,1.6616,0.36,138.65,-0.02
1998-08-01,5.5,4.5,12.433333333333334,1.4,9299.3,1.4903313029807648,9121.097,935.263,1109.897,86.0846,4191.228571428571,2.155,1865.2933333333333,2.633982138,1.6314333333333333,0.0,145.03333333333333,0.006666666666666666
1998-09-01,5.5,4.6,12.11,1.4,9325.5,1.4903313029807648,9121.097,935.263,1109.897,85.9945,4222.0142857142855,2.155,1575.09,2.594217982,1.674,0.08,136.23,0.19
1998-10-01,5.25,4.5,14.46,1.3,9337.5,2.026079211381469,9293.991,966.337,1145.0,86.5967,4242.328571428572,2.14,1612.33,2.535056337,1.7045,0.0,135.75,0.16
1998-11-01,5.0,4.4,12.286666666666667,1.3,9374.6,2.026079211381469,9293.991,966.337,1145.0,86.5114,4303.0142857142855,2.14,1791.0700000000002,2.523581703,1.6679666666666666,0.06,115.16333333333333,0.5133333333333333
1998-12-01,4.75,4.4,9.87,1.3,9391.7,2.026079211381469,9293.991,966.337,1145.0,86.8608,4355.200000000001,2.14,2003.75,2.437823,1.654,0.02,122.2,0.23
1999-01-01,4.75,4.3,10.639999999999999,1.0,9444.1,1.8724618218721876,9411.682,960.764,1173.324,87.2277,4421.642857142857,2.129,2196.53,2.383116,1.661625,0.08,112.8475,0.11
1999-02-01,4.75,4.4,10.81,1.0,9476.2,1.8724618218721876,9411.682,960.764,1173.324,87.7266,4384.7,2.129,2510.09,2.316234,1.641,0.02,115.09,0.1
1999-03-01,4.75,4.2,10.52,1.0,9484.1,1.8724618218721876,9411.682,960.764,1173.324,87.9203,4423.5,2.129,2295.18,2.237507,1.6058,0.12,119.79,0.2
1999-04-01,4.75,4.3,14.6,1.4,9453.0,1.6056820722767613,9526.21,974.597,1222.126,88.1153,4476.5,2.124,2493.37,2.226592,1.6063,0.1,120.19,0.26
1999-05-01,4.75,4.2,16.5825,1.4,9469.3,1.6056820722767613,9526.21,974.597,1222.126,88.6554,4454.328571428571,2.124,2540.4266666666667,2.153318,1.6084333333333334,0.0,119.66666666666667,0.2866666666666667
1999-06-01,4.75,4.3,14.22,1.4,9501.3,1.6056820722767613,9526.21,974.597,1222.126,88.5958,4474.242857142857,2.124,2412.03,2.070264,1.615,0.02,120.75,0.24
1999-07-01,5.0,4.3,17.25,1.5,9519.0,1.8286431858557548,9686.626,1005.309,1281.712,89.1235,4489.114285714285,2.128,2706.18,2.111144,1.5765,0.0,120.99,0.27
1999-08-01,5.0,4.2,19.463333333333335,1.5,9559.1,1.8286431858557548,9686.626,1005.309,1281.712,89.5116,4516.757142857143,2.128,2628.5833333333335,2.094839,1.6165666666666667,0.02,114.57333333333334,0.27666666666666667
1999-09-01,5.25,4.2,21.1,1.5,9546.7,1.8286431858557548,9686.626,1005.309,1281.712,89.1361,4533.042857142857,2.128,2750.8,2.070746,1.6023,0.1,109.35,0.25
1999-10-01,5.25,4.1,22.98,1.9,9598.7,2.364766775358852,9900.169,1030.971,1332.679,90.2842,4544.0142857142855,2.146,2736.85,2.04962,1.655,0.0,105.08,0.27
1999-11-01,5.25,4.1,21.32,1.9,9660.9,2.364766775358852,9900.169,1030.971,1332.679,90.7631,4576.8,2.146,2967.65,2.147821,1.6404,0.0,104.19,0.23
1999-12-01,5.5,4.0,24.2,1.9,9735.9,2.364766775358852,9900.169,1030.971,1332.679,91.4926,4618.571428571428,2.146,3353.71,2.167848,1.596,0.0,102.37,0.17
2000-01-01,5.5,4.0,24.538,2.1,9799.9,1.6152499753669602,10002.179,1052.904,1409.487,91.4251,4689.028571428571,2.135,4089.923333333333,2.335519,1.619,0.0,102.00666666666666,0.20666666666666667
2000-02-01,5.5,4.1,27.35,2.1,9837.9,1.6152499753669602,10002.179,1052.904,1409.487,91.7357,4641.828571428571,2.135,4051.98,2.379221,1.615,0.14,107.67,0.02
2000-03-01,5.75,4.0,29.78,2.1,9864.0,1.6152499753669602,10002.179,1052.904,1409.487,92.0933,4682.457142857143,2.135,4784.08,2.483286,1.5849,0.06,107.1,-0.13
2000-04-01,6.0,3.8,24.193333333333335,1.4,9913.7,2.3809405898901006,10247.72,1093.36,1455.86,92.6838,4767.285714285714,2.151,4456.446666666667,2.409239,1.5941333333333334,0.06,103.42666666666666,-0.4633333333333333
2000-05-01,6.0,4.0,24.495,1.4,9954.5,2.3809405898901006,10247.72,1093.36,1455.86,92.9376,4738.0,2.151,3958.08,2.558647,1.5558,0.38,108.89,-0.44
2000-06-01,6.5,4.0,29.69,1.4,9982.3,2.3809405898901006,10247.72,1093.36,1455.86,93.0076,4744.5,2.151,3582.5,2.701492,1.4915,0.58,108.74,-0.41
2000-07-01,6.5,4.0,31.77,1.9,10035.9,1.469388568737722,10318.165,1125.002,1518.869,92.8458,4752.142857142857,2.141,3974.7166666666667,2.71297,1.5131666666666665,0.72,105.97333333333333,-0.33666666666666667
2000-08-01,6.5,4.1,25.24,1.9,10098.3,1.469388568737722,10318.165,1125.002,1518.869,92.5972,4766.471428571429,2.141,3685.52,2.874818,1.4992,0.88,109.47,-0.27
2000-09-01,6.5,3.9,35.09,1.9,10110.3,1.469388568737722,10318.165,1125.002,1518.869,92.9653,4819.271428571428,2.141,4234.33,2.897082,1.4605,0.98,105.78,-0.41
2000-10-01,6.5,3.9,29.24,2.0,10139.2,1.1261614406380815,10435.744,1113.177,1524.52,92.6418,4828.8,2.133,3603.54,2.919941,1.4712333333333334,2.98,108.50666666666667,-0.16
2000-11-01,6.5,3.9,31.62,2.0,10143.5,1.1261614406380815,10435.744,1113.177,1524.52,92.6618,4843.785714285714,2.133,3333.39,2.870145,1.4452,4.5,108.48,-0.14
2000-12-01,6.5,3.9,31.59,2.0,10164.3,1.1261614406380815,10435.744,1113.177,1524.52,92.3459,4904.257142857143,2.133,2645.29,2.972089,1.4373,7.82,111.15,-0.1
2001-01-01,6.5,4.2,23.2175,2.6,10211.7,-0.083438491248242,10470.231,1096.812,1499.464,91.8903,4984.9,2.085,2336.525,2.878468,1.49715,16.18,114.635,0.04
2001-02-01,5.5,4.2,27.17,2.6,10223.4,-0.083438491248242,10470.231,1096.812,1499.464,91.2915,4956.385714285714,2.085,2782.79,2.979742,1.4775,21.22,115.33,0.55
2001-03-01,5.5,4.3,24.76,2.6,10254.4,-0.083438491248242,10470.231,1096.812,1499.464,91.0526,5040.571428571428,2.085,2183.37,2.961886,1.4553,27.88,117.33,0.46
2001-04-01,5.0,4.4,23.37333333333333,1.5,10233.1,-0.2788601708408258,10599.0,1058.013,1422.028,90.7293,5132.5,2.059,1802.0666666666666,3.091112,1.4196666666666666,33.7,126.34666666666666,0.7566666666666667
2001-05-01,4.5,4.3,27.31,1.5,10214.7,-0.2788601708408258,10599.0,1058.013,1422.028,90.2577,5104.671428571429,2.059,2168.24,3.07401,1.434,33.66,121.92,1.07
2001-06-01,4.0,4.5,28.86,1.5,10218.1,-0.2788601708408258,10599.0,1058.013,1422.028,89.7677,5133.4857142857145,2.059,2149.44,3.200619,1.416,34.0,119.13,1.17
2001-07-01,3.75,4.6,25.89,1.0,10370.7,-1.4346236274260833,10598.02,998.902,1369.536,89.226,5158.728571428572,2.014,2152.66,3.207811,1.4137666666666666,32.82,124.39,1.1633333333333333
2001-08-01,3.75,4.9,24.23,1.0,10543.1,-1.4346236274260833,10598.02,998.902,1369.536,89.1326,5187.185714285714,2.014,2068.38,3.251713,1.433,31.46,124.87,1.28
2001-09-01,3.5,5.0,26.706666666666667,1.0,10452.8,-1.4346236274260833,10598.02,998.902,1369.536,88.6679,5237.171428571429,2.014,1796.7675,3.388746,1.44935,30.96,118.935,1.1975
2001-10-01,3.0,5.3,21.22,1.9,10267.7,-1.8716088880004855,10660.465,953.52,1323.208,88.3926,5301.2,1.98,1480.46,3.484066,1.4785,24.04,120.27,1.73
2001-11-01,2.5,5.5,19.39,1.9,10279.7,-1.8716088880004855,10660.465,953.52,1323.208,87.8774,5327.885714285714,1.98,1746.3,3.601999,1.462,18.48,121.87,1.75
2001-12-01,2.0,5.7,19.28,1.9,10298.9,-1.8716088880004855,10660.465,953.52,1323.208,87.8344,5408.814285714286,1.98,1922.02,3.564921,1.4242333333333332,8.0,123.44666666666667,1.9366666666666665
2002-01-01,1.75,5.7,19.740000000000002,1.2,10514.7,-1.7196236775374274,10783.5,969.157,1356.041,88.4665,5478.142857142858,1.969,1964.825,3.557463,1.4497,3.6,131.53,1.99
2002-02-01,1.75,5.7,19.7,1.2,10531.6,-1.7196236775374274,10783.5,969.157,1356.041,88.4661,5431.328571428571,1.969,1911.24,3.527436,1.4158,2.1,133.77,1.94
2002-03-01,1.75,5.7,21.83,1.2,10539.0,-1.7196236775374274,10783.5,969.157,1356.041,89.1228,5489.885714285714,1.969,1802.74,3.46848,1.419,0.7,133.35,1.8
2002-04-01,1.75,5.9,26.06,2.2,10574.2,-1.7588622670332388,10887.46,1004.154,1432.413,89.5532,5534.0,1.972,1862.62,3.465822,1.4407,0.32,133.32,1.7
2002-05-01,1.75,5.8,26.67,2.2,10616.5,-1.7588622670332388,10887.46,1004.154,1432.413,89.934,5474.0,1.972,1677.53,3.452132,1.4621,0.24,127.45,1.87
2002-06-01,1.75,5.8,23.734,2.2,10648.2,-1.7588622670332388,10887.46,1004.154,1432.413,90.6769,5509.542857142857,1.972,1598.0066666666667,3.241692,1.4624,0.2,123.98333333333333,1.8633333333333335
2002-07-01,1.75,5.8,25.65,2.1,10621.0,-1.983460697785823,10984.04,1015.56,1463.107,90.6455,5539.7,1.953,1403.8,3.263706,1.5307,0.74,120.04,1.97
2002-08-01,1.75,5.7,25.79,2.1,10623.0,-1.983460697785823,10984.04,1015.56,1463.107,90.5475,5593.914285714286,1.953,1280.0,3.146595,1.5578,0.4,119.1,2.32
2002-09-01,1.75,5.7,27.486666666666665,2.1,10633.6,-1.983460697785823,10984.04,1015.56,1463.107,90.6381,5623.114285714286,1.953,1289.3449999999998,3.026606,1.55505,0.44,117.94,1.9849999999999999
2002-10-01,1.75,5.7,29.42,1.4,10661.8,-2.471077692166467,11061.433,1003.046,1499.335,90.4041,5627.328571428571,1.927,1213.72,2.937194,1.5708,0.32,122.73,1.92
2002-11-01,1.75,5.9,25.78,1.4,10690.9,-2.471077692166467,11061.433,1003.046,1499.335,90.8985,5707.385714285714,1.927,1360.7,2.824322,1.5638,0.36,122.16,2.25
2002-12-01,1.25,6.0,25.733333333333334,1.4,10719.9,-2.471077692166467,11061.433,1003.046,1499.335,90.389,5778.057142857143,1.927,1482.78,2.792164,1.5554333333333334,0.88,123.98,2.1466666666666665
2003-01-01,1.25,5.8,30.22,1.2,10710.4,-2.560956957648078,11174.129,1004.201,1529.463,91.1355,5808.442857142857,1.915,1360.1799999999998,2.778159,1.6035,0.22,119.305,2.245
2003-02-01,1.25,5.9,31.363333333333333,1.2,10674.0,-2.560956957648078,11174.129,1004.201,1529.463,91.2502,5768.0428571428565,1.915,1321.8700000000001,2.69562,1.6433666666666666,0.84,120.13,2.283333333333333
2003-03-01,1.25,5.9,33.8,1.2,10696.5,-2.560956957648078,11174.129,1004.201,1529.463,91.0059,5832.428571428572,1.915,1331.7766666666666,2.619135,1.5743,0.6,118.12333333333333,2.1733333333333333
2003-04-01,1.25,6.0,27.94,1.5,10752.7,-2.3036911875392785,11312.766,1007.465,1527.336,90.4281,5894.285714285715,1.901,1348.3,2.450573,1.5767,0.56,118.25,2.34
2003-05-01,1.25,6.1,23.79,1.5,10832.0,-2.3036911875392785,11312.766,1007.465,1527.336,90.4073,5916.785714285715,1.901,1472.56,2.338588,1.6103,0.16,118.56,2.38
2003-06-01,1.25,6.3,27.23333333333333,1.5,10860.6,-2.3036911875392785,11312.766,1007.465,1527.336,90.5218,5950.571428571428,1.901,1592.47,2.261697,1.6379,0.06,118.84666666666666,2.08
2003-07-01,1.0,6.2,28.33,1.8,10991.1,-1.2875993855012964,11566.669,1037.31,1556.304,90.9896,5997.0,1.905,1640.13,2.228217,1.6626,0.02,119.45,2.26
2003-08-01,1.0,6.1,29.63,1.8,11066.7,-1.2875993855012964,11566.669,1037.31,1556.304,90.7858,6053.099999999999,1.905,1715.62,2.155287,1.6045,0.16,120.0,2.59
2003-09-01,1.0,6.1,29.64,1.8,10940.8,-1.2875993855012964,11566.669,1037.31,1556.304,91.3829,6072.4,1.905,1833.7225,2.174311,1.5748250000000001,0.02,116.29,2.5524999999999998
2003-10-01,1.0,6.0,27.98,1.8,10982.3,-0.7594799521760617,11772.234,1091.682,1615.376,91.5005,6019.928571428572,1.94,1832.25,2.150681,1.6667,0.04,110.61,2.49
2003-11-01,1.0,5.8,27.846666666666668,1.8,11048.4,-0.7594799521760617,11772.234,1091.682,1615.376,92.1265,6038.242857142857,1.94,1944.04,2.025956,1.6899333333333333,0.04,110.46666666666667,2.486666666666667
2003-12-01,1.0,5.7,28.17,1.8,11057.2,-0.7594799521760617,11772.234,1091.682,1615.376,92.1722,6086.3,1.94,1989.82,1.967767,1.7209,0.16,109.61,2.28
2004-01-01,1.0,5.7,29.925,2.2,11051.2,-0.8231228604452653,11923.447,1133.669,1699.644,92.327,6099.4857142857145,1.95,2005.025,1.949813,1.7872,0.1,107.03999999999999,2.435
2004-02-01,1.0,5.6,30.043333333333333,2.2,11071.0,-0.8231228604452653,11923.447,1133.669,1699.644,92.8873,6032.957142857143,1.95,2064.15,2.037157,1.8193,0.02,105.67333333333333,2.34
2004-03-01,1.0,5.8,33.34,2.2,11115.6,-0.8231228604452653,11923.447,1133.669,1699.644,92.5325,6112.5,1.95,2057.8,2.126567,1.868,0.0,108.93,2.33
2004-04-01,1.0,5.6,32.59,2.3,11153.3,-0.6884108798715604,12112.815,1170.152,1787.734,92.9096,6201.457142857143,1.94,2015.01,2.247883,1.8564,0.0,103.7,2.26
2004-05-01,1.0,5.6,35.14333333333333,2.3,11208.9,-0.6884108798715604,12112.815,1170.152,1787.734,93.5838,6211.257142857143,1.94,1926.3400000000001,2.228612,1.7736,0.02,110.36,2.21
2004-06-01,1.0,5.6,39.05,2.3,11215.8,-0.6884108798715604,12112.815,1170.152,1787.734,92.8621,6249.857142857143,1.94,1990.77,2.370793,1.8359,0.58,110.45,2.11
2004-07-01,1.25,5.5,35.58,1.4,11240.5,-0.3933027958379476,12305.307,1180.185,1832.856,93.5511,6261.371428571429,1.949,2015.55,2.254997,1.816,0.08,108.24,1.93
2004-08-01,1.25,5.4,41.39,1.4,11274.6,-0.3933027958379476,12305.307,1180.185,1832.856,93.6328,6272.228571428572,1.949,1890.5133333333333,2.249671,1.8243,0.06,111.18333333333334,1.82
2004-09-01,1.5,5.4,40.96,1.4,11279.6,-0.3933027958379476,12305.307,1180.185,1832.856,93.7418,6291.871428571429,1.949,1850.41,2.23192,1.794,0.08,109.62,1.72
2004-10-01,1.75,5.5,46.86,2.2,11282.5,-0.0317953047224363,12527.214,1221.444,1921.78,94.5671,6323.928571428572,1.958,1942.2,2.229333,1.7976,0.08,110.45,1.58
2004-11-01,1.75,5.4,46.84,2.2,11246.1,-0.0317953047224363,12527.214,1221.444,1921.78,94.8,6356.4,1.958,1979.87,2.293797,1.8323,0.12,106.41,1.5
2004-12-01,2.0,5.4,41.19,2.2,11659.0,-0.0317953047224363,12527.214,1221.444,1921.78,95.5426,6409.371428571429,1.958,2138.23,2.304188,1.9297,0.02,102.78,1.37
2005-01-01,2.25,5.3,40.472500000000004,2.9,11226.5,0.435379755733638,12767.286,1258.408,1955.063,95.8831,6445.557142857143,1.985,2167.6766666666667,2.308836,1.9125999999999999,0.02,102.73,1.15
2005-02-01,2.25,5.4,45.12,2.9,11229.0,0.435379755733638,12767.286,1258.408,1955.063,96.5616,6353.900000000001,1.985,2068.7,2.279146,1.8792,0.02,103.93,0.86
2005-03-01,2.5,5.2,50.47,2.9,11268.8,0.435379755733638,12767.286,1258.408,1955.063,96.4371,6414.628571428571,1.985,2071.25,2.238654,1.9206,0.18,104.37,0.79
2005-04-01,2.75,5.2,54.14,2.0,11304.2,0.3115389760101261,12922.656,1294.853,2002.063,96.628,6496.842857142858,1.995,1984.81,2.231837,1.8789,0.0,107.57,0.71
2005-05-01,2.75,5.1,50.79666666666667,2.0,11352.7,0.3115389760101261,12922.656,1294.853,2002.063,96.7306,6445.428571428572,1.995,1926.3166666666668,2.350311,1.9013333333333333,0.08,104.92666666666666,0.5633333333333334
2005-06-01,3.0,5.0,50.46,2.0,11375.5,0.3115389760101261,12922.656,1294.853,2002.063,97.1488,6462.642857142857,1.995,2087.86,2.191008,1.812,0.06,108.42,0.41
2005-07-01,3.25,5.0,56.41,1.6,11387.1,0.4927979487969972,13142.642,1302.315,2053.275,96.8383,6515.5142857142855,2.0,2057.37,2.292571,1.7708,0.36,111.68,0.3
2005-08-01,3.25,4.9,60.56,1.6,11405.3,0.4927979487969972,13142.642,1302.315,2053.275,97.1603,6528.3,2.0,2195.38,2.256804,1.7695,1.42,112.12,0.28
2005-09-01,3.5,5.0,66.79,1.6,11365.2,0.4927979487969972,13142.642,1302.315,2053.275,95.2729,6555.385714285714,2.0,2147.9,2.326514,1.8279,10.06,110.16,0.3
2005-10-01,3.75,5.0,61.68,2.7,11428.7,0.4656086423689268,13324.204,1350.743,2155.529,96.4383,6578.614285714286,2.001,2152.9366666666665,2.318218,1.7650000000000001,0.06,113.58333333333334,0.16666666666666666
2005-11-01,4.0,5.0,56.69,2.7,11500.1,0.4656086423689268,13324.204,1350.743,2155.529,97.4951,6597.314285714286,2.001,2114.05,2.424911,1.763,0.0,116.63,0.16
2005-12-01,4.0,4.9,53.65,2.7,11535.2,0.4656086423689268,13324.204,1350.743,2155.529,97.9788,6663.171428571429,2.001,2267.17,2.463042,1.729,0.0,120.62,0.07
2006-01-01,4.25,4.7,59.925,2.3,11651.8,1.247444835065138,13599.16,1413.966,2204.784,98.1305,6728.0142857142855,2.016,2224.5299999999997,2.444816,1.7296,0.02,117.11,0.005000000000000001
2006-02-01,4.5,4.8,65.64,2.3,11702.8,1.247444835065138,13599.16,1413.966,2204.784,98.1779,6658.2,2.016,2310.56,2.492938,1.7781,0.1,117.85,-0.02
2006-03-01,4.5,4.7,61.12,2.3,11747.5,1.247444835065138,13599.16,1413.966,2204.784,98.3898,6754.142857142857,2.016,2314.64,2.575349,1.7473,0.06,116.18,-0.12
2006-04-01,4.75,4.7,66.46666666666667,3.2,11744.4,0.9592878581252936,13753.424,1459.767,2253.809,98.6769,6823.085714285714,2.017,2338.773333333333,2.67529,1.7391666666666667,0.2,117.59333333333333,0.03333333333333333
2006-05-01,4.75,4.6,73.37,3.2,11736.8,0.9592878581252936,13753.424,1459.767,2253.809,98.7052,6783.7,2.017,2304.79,2.778406,1.8286,0.12,113.06,0.2
2006-06-01,5.0,4.6,68.77,3.2,11751.9,0.9592878581252936,13753.424,1459.767,2253.809,99.0427,6812.728571428571,2.017,2219.86,3.029284,1.8686,0.04,112.43,0.07
2006-07-01,5.25,4.7,73.44666666666667,2.2,11746.9,0.5914604298700522,13870.188,1475.417,2298.702,98.9804,6858.342857142858,2.006,2178.2033333333334,3.089187,1.8464,0.1,114.64666666666668,-0.013333333333333334
2006-08-01,5.25,4.7,76.39,2.2,11737.0,0.5914604298700522,13870.188,1475.417,2298.702,99.4106,6842.9857142857145,2.006,2061.99,3.219901,1.8711,0.04,114.96,0.02
2006-09-01,5.25,4.5,70.49,2.2,11800.1,0.5914604298700522,13870.188,1475.417,2298.702,99.2207,6904.457142857143,2.006,2193.16,3.207054,1.905,0.16,117.21,-0.04
2006-10-01,5.25,4.4,58.89666666666667,1.7,11853.7,0.9648879353180976,14039.56,1531.531,2269.198,99.1253,6910.042857142857,1.997,2244.543333333333,3.285968,1.8812666666666666,0.14,117.77,-0.05
2006-11-01,5.25,4.5,56.37,1.7,11901.9,0.9648879353180976,14039.56,1531.531,2269.198,99.0969,6955.914285714286,1.997,2334.35,3.141252,1.9091,0.02,117.01,-0.09
2006-12-01,5.25,4.4,64.74,1.7,11958.6,0.9648879353180976,14039.56,1531.531,2269.198,100.1122,7051.7,1.997,2413.21,3.1159,1.9794,0.04,115.33,-0.09
2007-01-01,5.25,4.6,58.6075,2.8,11956.6,0.7756141486640902,14215.651,1577.991,2317.264,99.7571,7127.8,1.993,2420.0119999999997,3.136734,1.96985,0.2,118.8775,-0.1175
2007-02-01,5.25,4.5,56.74,2.8,11996.0,0.7756141486640902,14215.651,1577.991,2317.264,100.7275,7058.228571428572,1.993,2468.38,3.152428,1.9686,0.06,120.67,-0.12
2007-03-01,5.25,4.4,61.18,2.8,12035.1,0.7756141486640902,14215.651,1577.991,2317.264,100.9023,7136.671428571428,1.993,2404.21,3.099888,1.9579,0.08,117.53,-0.07
2007-04-01,5.25,4.5,68.78333333333333,1.7,12052.8,0.8929066334221074,14402.082,1622.764,2368.569,101.5874,7260.528571428571,1.986,2422.0533333333333,2.957465,1.9752333333333332,0.08,117.64666666666666,0.05666666666666667
2007-05-01,5.25,4.4,67.4,1.7,12059.9,0.8929066334221074,14402.082,1622.764,2368.569,101.6299,7213.428571428572,1.986,2531.53,2.774199,1.9993,0.3,119.77,0.01
2007-06-01,5.25,4.6,68.65,1.7,12053.3,0.8929066334221074,14402.082,1622.764,2368.569,101.6482,7257.4,1.986,2613.92,2.621714,1.9804,0.48,122.1,-0.02
2007-07-01,5.25,4.7,72.67333333333333,2.0,12066.4,0.9698637308383948,14564.117,1685.71,2414.664,101.4925,7284.271428571428,1.977,2622.61,2.525322,2.012833333333333,0.44,122.67666666666666,0.14666666666666667
2007-08-01,5.25,4.6,77.11,2.0,12070.9,0.9698637308383948,14564.117,1685.71,2414.664,101.6874,7273.942857142857,1.977,2553.87,2.459164,2.0309,0.28,118.71,0.2
2007-09-01,5.25,4.7,72.77250000000001,2.0,12089.6,0.9698637308383948,14564.117,1685.71,2414.664,101.9398,7373.971428571429,1.977,2604.83,2.475003,2.0165,0.52,115.83,0.4
2007-10-01,4.75,4.7,78.33,2.8,12080.4,1.0986574963855924,14715.058,1750.714,2480.413,101.6345,7346.7,1.977,2740.99,2.494632,2.0436,1.4,115.91,0.54
2007-11-01,4.5,4.7,90.36,2.8,12070.1,1.0986574963855924,14715.058,1750.714,2480.413,102.2068,7384.685714285714,1.977,2794.83,2.64947,2.0818,2.24,114.87,0.59
2007-12-01,4.5,5.0,88.42333333333333,2.8,12120.5,1.0986574963855924,14715.058,1750.714,2480.413,102.2604,7461.571428571428,1.977,2653.016666666667,2.712396,2.0597333333333334,7.64,110.82666666666667,0.9500000000000001
2008-01-01,4.25,5.0,95.345,2.1,12137.1,0.1717361052642227,14706.538,1813.321,2584.568,102.14,7518.042857142857,1.939,2630.955,2.747695,1.98335,20.28,110.705,1.01
2008-02-01,3.0,4.9,91.41,2.1,12141.8,0.1717361052642227,14706.538,1813.321,2584.568,101.7671,7515.742857142857,1.939,2413.36,2.617738,1.9687,46.2,106.3,1.53
2008-03-01,3.0,5.1,101.21000000000001,2.1,12145.9,0.1717361052642227,14706.538,1813.321,2584.568,101.4355,7633.171428571429,1.939,2267.1866666666665,2.688949,1.9859333333333333,63.16,103.98333333333333,1.8966666666666665
2008-04-01,2.25,5.0,98.69,1.7,12100.8,0.2892528601768224,14865.701,1905.282,2681.686,100.7424,7744.471428571429,1.927,2362.75,2.725505,1.9774,76.56,101.77,1.77
2008-05-01,2.0,5.4,107.3,1.7,12696.2,0.2892528601768224,14865.701,1905.282,2681.686,100.132,7683.171428571429,1.927,2480.71,2.793043,1.9749,83.4,104.04,1.41
2008-06-01,2.0,5.6,128.28333333333333,1.7,12376.6,0.2892528601768224,14865.701,1905.282,2681.686,99.8651,7723.9,1.927,2501.9066666666668,2.933931,1.9708333333333332,88.06,104.75999999999999,1.4466666666666665
2008-07-01,2.0,5.8,140.67,2.1,12188.7,-0.6922857380047943,14898.999,1922.215,2709.569,99.4214,7709.657142857143,1.908,2304.97,3.010504,1.993,95.76,105.73,1.38
2008-08-01,2.0,6.1,124.16,2.1,12120.6,-0.6922857380047943,14898.999,1922.215,2709.569,97.8448,7736.471428571428,1.908,2310.96,3.080765,1.9743,99.52,107.59,1.46
2008-09-01,2.0,6.1,107.0775,2.1,12149.0,-0.6922857380047943,14898.999,1922.215,2709.569,93.559,7722.8,1.908,2353.81,3.071629,1.793725,99.96,108.81,1.4775
2008-10-01,2.0,6.5,92.19,-0.3,12240.5,-3.2842682227402182,14608.209,1700.304,2328.779,94.4956,7869.4571428571435,1.813,2069.4,2.922213,1.7804,91.22,106.06,1.95
2008-11-01,1.0,6.8,60.10666666666667,-0.3,12345.9,-3.2842682227402182,14608.209,1700.304,2328.779,93.2689,7926.042857142857,1.813,1722.7433333333333,2.777101,1.6061666666666667,99.86,98.50333333333333,2.47
2008-12-01,1.0,7.3,47.58,-0.3,12288.8,-3.2842682227402182,14608.209,1700.304,2328.779,90.628,8090.7,1.813,1398.07,2.614507,1.484,100.0,93.71,1.82
2009-01-01,0.25,7.8,39.379999999999995,0.0,12361.5,-4.761655548994919,14430.902,1511.768,1932.761,88.3811,8293.2,1.735,1604.62,2.535975,1.45695,99.98,90.95500000000001,1.5350000000000001
2009-02-01,0.25,8.3,43.36333333333334,0.0,12241.9,-4.761655548994919,14430.902,1511.768,1932.761,87.8412,8249.285714285714,1.735,1488.4266666666667,2.54257,1.4289666666666667,99.66,89.85,1.8900000000000001
2009-03-01,0.25,8.7,43.20333333333333,0.0,12242.7,-4.761655548994919,14430.902,1511.768,1932.761,86.4794,8348.114285714286,1.735,1341.1799999999998,2.437701,1.4084666666666668,99.7,97.36,2.02
2009-04-01,0.25,9.0,45.92,1.6,12320.0,-5.285777974100597,14381.236,1521.093,1879.461,85.7883,8428.242857142857,1.709,1551.6,2.359914,1.4402,97.54,98.93,1.85
2009-05-01,0.25,9.4,51.75,1.6,12500.1,-5.285777974100597,14381.236,1521.093,1879.461,84.9516,8390.357142857143,1.709,1719.2,2.273815,1.4881,89.22,99.24,2.29
2009-06-01,0.25,9.5,66.6,1.6,12273.2,-5.285777974100597,14381.236,1521.093,1879.461,84.6928,8433.7,1.709,1828.68,2.078063,1.6448,65.46,96.53,2.74
2009-07-01,0.25,9.5,68.52,1.4,12218.7,-5.287063519671229,14448.882,1594.725,2018.722,85.7044,8392.7,1.711,1845.72,1.910212,1.6524,3.36,96.41,2.5
2009-08-01,0.25,9.6,71.02,1.4,12194.8,-5.287063519671229,14448.882,1594.725,2018.722,86.6617,8388.82857142857,1.711,1988.5366666666666,1.757047,1.6794,0.76,94.77000000000001,2.42
2009-09-01,0.25,9.8,68.78,1.4,12230.6,-5.287063519671229,14448.882,1594.725,2018.722,87.4033,8362.014285714286,1.711,1968.89,1.602846,1.6168,0.48,93.09,2.46
2009-10-01,0.25,10.0,67.12,2.5,12193.2,-4.590606187686555,14651.249,1703.508,2176.763,87.6035,8375.271428571428,1.726,2057.48,1.509202,1.595,0.22,89.73,2.34
2009-11-01,0.25,9.9,75.34333333333333,2.5,12224.4,-4.590606187686555,14651.249,1703.508,2176.763,87.9559,8431.314285714285,1.726,2047.8366666666666,1.361569,1.6433,0.04,90.54,2.523333333333333
2009-12-01,0.25,9.9,78.68,2.5,12280.2,-4.590606187686555,14651.249,1703.508,2176.763,88.2468,8514.357142857143,1.726,2175.81,1.318775,1.6626,0.06,86.62,2.61
2010-01-01,0.25,9.8,78.195,1.4,12285.8,-4.459581210687756,14764.61,1759.877,2269.069,89.1911,8531.157142857144,1.739,2278.9675,1.170764,1.61525,0.0,92.94749999999999,2.7225
2010-02-01,0.25,9.8,71.58,1.4,12292.0,-4.459581210687756,14764.61,1759.877,2269.069,89.4972,8428.8,1.739,2171.2,1.048684,1.5924,0.0,90.8,2.82
2010-03-01,0.25,9.9,76.07,1.4,12340.3,-4.459581210687756,14764.61,1759.877,2269.069,90.1419,8527.7,1.739,2273.57,0.9255024,1.4974,0.0,89.28,2.81
2010-04-01,0.25,9.9,82.63,1.1,12447.1,-3.87706391000846,14980.193,1819.741,2362.255,90.4591,8600.485714285714,1.746,2402.58,0.869413,1.529,0.0,93.83,2.84
2010-05-01,0.25,9.6,86.82333333333334,1.1,12540.3,-3.87706391000846,14980.193,1819.741,2362.255,91.702,8545.07142857143,1.746,2473.7066666666665,0.793302,1.5286,0.0,94.38666666666667,2.72
2010-06-01,0.25,9.4,73.08,1.1,12544.3,-3.87706391000846,14980.193,1819.741,2362.255,91.8997,8598.514285714286,1.746,2222.33,0.7780127,1.4673,0.5,91.16,2.51
2010-07-01,0.25,9.4,71.73,0.6,12554.2,-3.495701855802871,15141.607,1877.253,2431.195,92.2522,8576.857142857143,1.748,2101.36,0.7440706,1.5126,0.08,87.42,2.33
2010-08-01,0.25,9.5,80.45333333333333,0.6,12591.4,-3.495701855802871,15141.607,1877.253,2431.195,92.5899,8578.028571428571,1.748,2281.806666666667,0.6911158,1.5836,0.02,86.42333333333333,2.416666666666667
2010-09-01,0.25,9.5,75.53,0.6,12589.9,-3.495701855802871,15141.607,1877.253,2431.195,92.8564,8610.028571428571,1.748,2176.84,0.6638685,1.5472,0.04,84.48,2.08
2010-10-01,0.25,9.4,82.69,1.3,12592.5,-3.3617274183330186,15309.474,1972.116,2495.702,92.6037,8654.585714285715,1.745,2370.75,0.6723344,1.5829,0.08,83.3,2.12
2010-11-01,0.25,9.8,84.06,1.3,12605.1,-3.3617274183330186,15309.474,1972.116,2495.702,92.6773,8705.5,1.745,2504.84,0.8233069,1.605,0.06,80.66,2.32
2010-12-01,0.25,9.3,88.56,1.3,12680.6,-3.3617274183330186,15309.474,1972.116,2495.702,93.5851,8797.742857142857,1.745,2549.43,0.8307821,1.5603,0.02,84.0,2.44
2011-01-01,0.25,9.1,94.09333333333333,1.8,12740.1,-3.9742061823733033,15351.448,2040.407,2608.884,93.3944,8884.585714285715,1.728,2665.753333333333,0.9539952,1.5440999999999998,0.04,81.61500000000001,2.71
2011-02-01,0.25,9.0,100.4,1.8,12776.6,-3.9742061823733033,15351.448,2040.407,2608.884,92.993,8800.671428571428,1.728,2751.19,1.117829,1.6124,0.2,81.48,2.87
2011-03-01,0.25,9.0,113.34,1.8,12742.7,-3.9742061823733033,15351.448,2040.407,2608.884,93.982,8920.785714285716,1.728,2737.41,1.179972,1.6309,0.02,81.86,2.75
2011-04-01,0.25,9.1,118.63,2.4,12721.3,-3.720802970550539,15557.539,2116.132,2697.224,93.6525,9033.571428571428,1.714,2789.6,1.210295,1.6132,0.16,84.05,2.66
2011-05-01,0.25,9.0,126.6275,2.4,12705.3,-3.720802970550539,15557.539,2116.132,2697.224,93.7775,9000.557142857142,1.714,2867.233333333333,1.256079,1.6690333333333334,0.16,81.25666666666667,2.7033333333333336
2011-06-01,0.25,9.1,116.15,2.4,12756.9,-3.720802970550539,15557.539,2116.132,2697.224,94.0467,9039.185714285715,1.714,2769.19,1.29395,1.6391,0.04,80.82,2.52
2011-07-01,0.25,9.0,109.82,1.8,12805.6,-4.1479229992224385,15647.68,2156.793,2723.903,94.4931,9193.9,1.656,2816.03,1.41844,1.607,0.0,80.81,2.72
2011-08-01,0.25,9.0,116.37,1.8,12799.7,-4.1479229992224385,15647.68,2156.793,2723.903,95.0969,9387.6,1.656,2744.61,1.651442,1.6278,0.02,76.87,2.39
2011-09-01,0.25,9.0,116.43,1.8,12781.7,-4.1479229992224385,15647.68,2156.793,2723.903,95.0281,9473.214285714286,1.656,2546.04,1.721515,1.6179,0.12,76.81,1.96
2011-10-01,0.25,8.8,104.81666666666666,1.4,12791.9,-3.4865529782283264,15842.259,2150.123,2751.911,95.6924,9513.0,1.648,2388.8766666666666,1.835844,1.5574000000000001,0.0,76.91333333333334,1.6333333333333333
2011-11-01,0.25,8.6,106.97,1.4,12782.7,-3.4865529782283264,15842.259,2150.123,2751.911,95.6913,9544.042857142858,1.648,2606.96,1.835434,1.5946,0.1,78.28,1.78
2011-12-01,0.25,8.5,108.83,1.4,12898.5,-3.4865529782283264,15842.259,2150.123,2751.911,96.1938,9646.342857142858,1.648,2626.2,2.045078,1.5698,0.0,77.6,1.84
2012-01-01,0.25,8.3,109.605,2.5,12967.5,-3.0993298221717205,16068.805,2189.981,2792.253,96.779,9810.628571428571,1.642,2626.935,2.113351,1.5596,0.02,76.825,1.67
2012-02-01,0.25,8.3,111.96,2.5,13029.6,-3.0993298221717205,16068.805,2189.981,2792.253,97.0959,9702.414285714285,1.642,2848.27,2.01608,1.5849,0.02,76.11,1.64
2012-03-01,0.25,8.2,125.76,2.5,13066.4,-3.0993298221717205,16068.805,2189.981,2792.253,96.5919,9824.485714285714,1.642,2988.97,2.122799,1.5953,0.26,81.16,1.73
2012-04-01,0.25,8.2,124.09666666666666,1.7,13116.5,-3.0958175562127503,16207.115,2215.586,2780.827,97.2942,9946.514285714286,1.631,3110.3233333333333,2.191796,1.6009666666666666,0.08,82.24333333333333,1.8933333333333333
2012-05-01,0.25,8.2,119.57,1.7,13112.5,-3.0958175562127503,16207.115,2215.586,2780.827,97.4853,9846.9,1.631,3050.44,2.188203,1.6221,0.18,80.17,1.71
2012-06-01,0.25,8.2,98.63,1.7,13097.2,-3.0958175562127503,16207.115,2215.586,2780.827,97.4959,9898.914285714287,1.631,2747.48,2.238927,1.5383,0.26,78.21,1.22
2012-07-01,0.25,8.2,94.91,1.2,12999.8,-3.3875784873249146,16319.541,2227.734,2750.817,97.6922,9975.885714285714,1.612,2945.8466666666664,2.260479,1.5681333333333334,0.26,79.55,1.32
2012-08-01,0.25,8.1,106.78,1.2,12961.6,-3.3875784873249146,16319.541,2227.734,2750.817,97.3061,10000.871428571429,1.612,2920.21,2.17107,1.5596,0.2,78.19,1.32
2012-09-01,0.25,7.8,114.19250000000001,1.2,13053.1,-3.3875784873249146,16319.541,2227.734,2750.817,97.2383,10103.442857142856,1.612,3068.985,2.219253,1.5870250000000001,0.08,78.3125,1.3525
2012-10-01,0.25,7.8,112.58,1.8,13142.0,-3.70842197120276,16420.419,2237.498,2753.373,97.5425,10196.6,1.586,3113.53,2.206525,1.6142,0.0,78.0,1.39
2012-11-01,0.25,7.7,108.84,1.8,13315.7,-3.70842197120276,16420.419,2237.498,2753.373,97.934,10285.857142857143,1.586,3020.06,2.195661,1.6142,0.0,80.14,1.45
2012-12-01,0.25,7.9,110.98333333333333,1.8,13642.7,-3.70842197120276,16420.419,2237.498,2753.373,98.1984,10382.471428571429,1.586,3007.56,2.107127,1.6052666666666666,0.08,82.44,1.3733333333333333
2013-01-01,0.25,8.0,111.89,1.6,12845.5,-3.1992590046187135,16648.189,2255.929,2755.277,98.2029,10617.77142857143,1.583,3065.885,2.065935,1.62585,0.02,86.87,1.56
2013-02-01,0.25,7.7,115.55,1.6,12813.9,-3.1992590046187135,16648.189,2255.929,2755.277,98.6733,10436.257142857143,1.583,3179.1,2.143683,1.5744,0.02,92.54,1.77
2013-03-01,0.25,7.5,110.14,1.6,12852.1,-3.1992590046187135,16648.189,2255.929,2755.277,99.0788,10519.17142857143,1.583,3169.74,2.096923,1.5033,0.08,93.38,1.61
2013-04-01,0.25,7.6,108.76,1.1,12893.4,-3.380248230479866,16728.687,2261.403,2759.783,98.9658,10720.4,1.574,3239.17,1.932255,1.5232,0.18,93.3,1.63
2013-05-01,0.25,7.5,98.34,1.1,12954.2,-3.380248230479866,16728.687,2261.403,2759.783,99.0567,10549.300000000001,1.574,3299.13,1.905048,1.5578,0.06,97.28,1.46
2013-06-01,0.25,7.5,100.83,1.1,12955.7,-3.380248230479866,16728.687,2261.403,2759.783,99.2424,10606.885714285714,1.574,3459.063333333333,1.874046,1.5239666666666667,0.12,100.28,1.85
2013-07-01,0.25,7.3,103.19,1.6,12941.8,-2.9989357046231175,16953.838,2285.116,2767.183,98.9258,10670.7,1.573,3434.49,1.865294,1.5247,0.12,99.62,2.16
2013-08-01,0.25,7.2,109.94,1.6,12969.6,-2.9989357046231175,16953.838,2285.116,2767.183,99.5059,10691.414285714287,1.573,3675.74,1.911745,1.5145,0.06,99.3,2.39
2013-09-01,0.25,7.2,115.72999999999999,1.6,13027.5,-2.9989357046231175,16953.838,2285.116,2767.183,100.0391,10764.0,1.573,3601.24,1.888205,1.5506,0.04,98.825,2.41
2013-10-01,0.25,7.2,107.32,1.7,12974.6,-2.599131095752715,17192.019,2349.24,2783.259,99.9203,10837.885714285714,1.565,3817.98,1.866698,1.6208,0.08,98.05,2.33
2013-11-01,0.25,6.9,105.78,1.7,12998.9,-2.599131095752715,17192.019,2349.24,2783.259,100.1661,10943.028571428571,1.565,3922.04,1.890963,1.5922,0.04,98.78,2.32
2013-12-01,0.25,6.7,111.35,1.7,13019.1,-2.599131095752715,17192.019,2349.24,2783.259,100.3777,11016.814285714285,1.565,4050.1366666666668,1.872378,1.6367666666666667,0.12,102.84333333333333,2.4966666666666666
2014-01-01,0.25,6.6,108.945,1.3,13079.5,-3.3801292990334506,17197.738,2343.602,2853.69,99.999,11142.785714285714,1.542,4159.83,1.821944,1.65075,0.22,105.045,2.635
2014-02-01,0.25,6.7,107.62333333333333,1.3,13148.0,-3.3801292990334506,17197.738,2343.602,2853.69,100.7583,11073.128571428571,1.542,4068.2400000000002,1.789204,1.6402333333333334,0.04,101.89,2.3233333333333333
2014-03-01,0.25,6.7,109.74000000000001,1.3,13219.9,-3.3801292990334506,17197.738,2343.602,2853.69,101.7767,11186.885714285714,1.542,4297.846666666666,1.821445,1.6737333333333333,0.04,101.84,2.3133333333333335
2014-04-01,0.25,6.2,105.7,1.8,13270.2,-2.5821738969481784,17518.508,2395.168,2900.572,101.8425,11315.228571428572,1.548,4268.04,2.025724,1.6639,0.08,103.52,2.33
2014-05-01,0.25,6.3,108.63,1.8,13312.9,-2.5821738969481784,17518.508,2395.168,2900.572,102.2594,11243.614285714286,1.548,4127.45,2.127518,1.69,0.12,102.3,2.22
2014-06-01,0.25,6.1,109.29666666666667,1.8,13360.4,-2.5821738969481784,17518.508,2395.168,2900.572,102.5986,11321.785714285714,1.548,4239.006666666666,2.142724,1.6758666666666666,0.06,102.12333333333333,2.1366666666666667
2014-07-01,0.25,6.2,110.84,1.5,13386.8,-1.8581347019397687,17804.228,2399.191,2888.549,102.8163,11344.699999999999,1.553,4458.65,2.098319,1.7147,0.08,101.51,2.11
2014-08-01,0.25,6.1,103.45,1.5,13445.9,-1.8581347019397687,17804.228,2399.191,2888.549,102.6562,11409.057142857142,1.553,4352.64,1.959017,1.6832,0.14,102.45,2.05
2014-09-01,0.25,5.9,100.4375,1.5,13486.3,-1.8581347019397687,17804.228,2399.191,2888.549,102.9776,11432.4,1.553,4593.71,1.95017,1.652275,0.12,104.82499999999999,1.885
2014-10-01,0.25,5.7,94.57,1.1,13550.7,-1.8235473271703908,17912.079,2376.218,2906.969,102.9892,11471.457142857143,1.542,4422.09,2.001463,1.6216,0.16,109.3,1.89
2014-11-01,0.25,5.8,84.41333333333334,1.1,13624.4,-1.8235473271703908,17912.079,2376.218,2906.969,103.6402,11551.585714285715,1.542,4633.463333333333,1.999147,1.5994666666666668,0.1,112.7,1.8466666666666667
2014-12-01,0.25,5.6,70.87,1.1,13719.1,-1.8235473271703908,17912.079,2376.218,2906.969,103.6345,11659.8,1.542,4727.35,1.961226,1.5743,0.22,118.14,1.73
2015-01-01,0.25,5.7,55.325,0.7,13797.7,-1.4037354291008544,18063.529,2299.045,2825.476,102.8239,11802.857142857143,1.526,4731.43,1.976365,1.54695,1.08,120.025,1.48
2015-02-01,0.25,5.5,50.333333333333336,0.7,13848.0,-1.4037354291008544,18063.529,2299.045,2825.476,102.1513,11764.142857142857,1.526,4662.873333333333,1.972517,1.5026666666666666,1.16,117.36666666666666,1.1966666666666665
2015-03-01,0.25,5.4,61.13,0.7,13811.3,-1.4037354291008544,18063.529,2299.045,2825.476,101.824,11907.271428571428,1.526,4993.243333333334,1.989606,1.5393666666666665,1.04,119.94666666666667,1.4033333333333333
2015-04-01,0.25,5.4,55.73,1.8,13842.0,-1.2582778318748729,18279.784,2300.441,2809.968,101.244,12004.414285714285,1.528,4880.23,2.05371,1.4823,0.78,119.62,1.32
2015-05-01,0.25,5.6,64.13,1.8,13865.6,-1.2582778318748729,18279.784,2300.441,2809.968,100.783,11878.628571428571,1.528,5005.39,2.056561,1.5137,0.78,120.21,1.52
2015-06-01,0.25,5.3,62.87,1.8,13874.1,-1.2582778318748729,18279.784,2300.441,2809.968,100.4781,11932.7,1.528,5082.93,2.103732,1.5187,0.44,124.64,1.55
2015-07-01,0.25,5.2,61.65,1.3,13905.7,-1.325031825644128,18401.626,2260.724,2798.806,101.1052,11985.457142857143,1.52,5013.12,2.130475,1.5617,0.3,123.02,1.74
2015-08-01,0.25,5.1,52.02333333333333,1.3,13935.8,-1.325031825644128,18401.626,2260.724,2798.806,100.9442,12010.385714285714,1.52,5123.98,2.169207,1.5623666666666667,0.34,123.95333333333333,1.5133333333333334
2015-09-01,0.25,5.0,48.8,1.3,13972.2,-1.325031825644128,18401.626,2260.724,2798.806,100.6507,12088.5,1.52,4636.11,2.268536,1.5341,0.42,119.94,1.47
2015-10-01,0.25,5.0,47.48,1.0,13996.9,-1.5996055928206694,18435.137,2222.279,2745.517,100.1871,12115.614285714286,1.502,4627.08,2.335492,1.5162,0.76,119.58,1.41
2015-11-01,0.25,5.1,47.94,1.0,13993.4,-1.5996055928206694,18435.137,2222.279,2745.517,99.4382,12232.757142857143,1.502,5102.683333333333,2.394625,1.5433666666666666,1.1,120.7,1.4233333333333333
2015-12-01,0.25,5.0,42.97,1.0,14060.2,-1.5996055928206694,18435.137,2222.279,2745.517,98.939,12313.857142857143,1.502,5156.31,2.437497,1.5074,0.56,122.88,1.24
2016-01-01,0.5,4.8,36.5275,1.7,14121.1,-1.4828082708082724,18525.933,2181.957,2693.639,99.4558,12471.971428571429,1.476,4981.33,2.460879,1.4730999999999999,0.58,120.0275,1.2125
2016-02-01,0.5,4.9,32.45,1.7,14135.3,-1.4828082708082724,18525.933,2181.957,2693.639,98.9136,12454.7,1.476,4620.37,2.538253,1.4367,0.76,121.06,1.16
2016-03-01,0.5,5.0,35.73,1.7,14135.4,-1.4828082708082724,18525.933,2181.957,2693.639,98.1907,12563.114285714286,1.476,4689.6,2.526214,1.3948,0.68,113.94,0.98
2016-04-01,0.5,5.1,36.42,2.2,14106.2,-1.6170677289074065,18711.702,2221.936,2711.306,98.4669,12775.371428571429,1.466,4914.54,2.53143,1.4204,0.28,112.06,1.03
2016-05-01,0.5,4.8,45.76,2.2,14095.5,-1.6170677289074065,18711.702,2221.936,2711.306,98.2518,12696.900000000001,1.466,4803.513333333333,2.565678,1.4652333333333332,0.3,106.62,1.0733333333333335
2016-06-01,0.5,4.9,48.81,2.2,14104.9,-1.6170677289074065,18711.702,2221.936,2711.306,98.7275,12708.82857142857,1.466,4952.25,2.563629,1.4395,0.08,109.55,0.94
2016-07-01,0.5,4.8,47.65,1.7,14160.1,-1.368070167082159,18892.639,2270.0,2751.229,98.836,12801.842857142858,1.457,4862.57,2.569655,1.3281,0.12,102.55,0.87
2016-08-01,0.5,4.9,40.17,1.7,14176.7,-1.368070167082159,18892.639,2270.0,2751.229,98.7554,12885.4,1.457,5184.2,2.716347,1.3209,0.16,102.26,0.84
2016-09-01,0.5,5.0,45.05,1.7,14209.1,-1.368070167082159,18892.639,2270.0,2751.229,98.6596,12963.557142857142,1.457,5227.21,2.624799,1.3273,0.14,103.22,0.79
2016-10-01,0.5,4.9,48.36333333333334,1.4,14235.4,-1.2690397411437924,19089.379,2268.339,2799.145,98.7322,13012.157142857142,1.45,5308.29,2.502268,1.2956666666666667,0.16,101.32,0.83
2016-11-01,0.5,4.7,45.77,1.4,14273.6,-1.2690397411437924,19089.379,2268.339,2799.145,98.3452,13087.8,1.45,5153.58,2.518564,1.2218,0.2,104.59,1.0
2016-12-01,0.5,4.7,52.28,1.4,14313.7,-1.2690397411437924,19089.379,2268.339,2799.145,99.0314,13216.871428571429,1.45,5251.11,2.585286,1.2596,0.04,114.34,1.31
2017-01-01,0.75,4.7,55.004999999999995,1.9,14373.7,-1.237619898246675,19280.084,2339.728,2873.148,98.7987,13338.942857142858,1.444,5406.1,2.651739,1.22965,0.08,117.23,1.24
2017-02-01,0.75,4.6,55.79,1.9,14416.8,-1.237619898246675,19280.084,2339.728,2873.148,98.4322,13208.242857142857,1.444,5642.65,2.664566,1.2643,0.06,113.29,1.26
2017-03-01,0.75,4.4,55.72,1.9,14476.3,-1.237619898246675,19280.084,2339.728,2873.148,99.0663,13358.457142857143,1.444,5904.03,2.436586,1.2318,0.02,113.66,1.17
2017-04-01,1.0,4.4,52.14666666666667,1.3,14509.3,-1.1354161501261677,19438.643,2349.681,2903.18,100.0082,13549.885714285714,1.437,5906.053333333333,2.235672,1.2517666666666667,0.0,111.25999999999999,1.1233333333333333
2017-05-01,1.0,4.4,50.41,1.3,14610.7,-1.1354161501261677,19438.643,2349.681,2903.18,100.1286,13449.4,1.437,6091.6,2.139634,1.2917,0.02,111.78,1.05
2017-06-01,1.0,4.3,50.41,1.3,14618.7,-1.1354161501261677,19438.643,2349.681,2903.18,100.3233,13496.742857142857,1.437,6246.83,2.122109,1.2894,0.08,111.24,0.93
2017-07-01,1.25,4.3,47.763333333333335,1.2,14660.2,-0.8204347014056107,19692.595,2384.524,2916.022,100.0947,13529.828571428572,1.441,6130.3,2.131777,1.2980333333333334,0.14,112.70666666666666,0.9333333333333333
2017-08-01,1.25,4.4,50.77,1.2,14678.3,-0.8204347014056107,19692.595,2384.524,2916.022,99.6642,13592.914285714285,1.441,6362.94,2.075047,1.3206,0.14,110.33,0.92
2017-09-01,1.25,4.3,53.15,1.2,14706.0,-0.8204347014056107,19692.595,2384.524,2916.022,99.7686,13677.485714285714,1.441,6435.33,2.091354,1.2972,0.08,110.09,0.81
2017-10-01,1.25,4.2,56.120000000000005,1.8,14748.6,-0.1816503062127337,20037.088,2479.107,3034.004,100.9981,13720.414285714287,1.451,6509.8,2.177581,1.3312666666666666,0.02,112.61333333333333,0.8533333333333333
2017-11-01,1.25,4.2,60.98,1.8,14771.1,-0.1816503062127337,20037.088,2479.107,3034.004,101.2597,13742.914285714287,1.451,6716.53,2.099803,1.3257,0.04,114.04,0.76
2017-12-01,1.25,4.1,64.57,1.8,14797.9,-0.1816503062127337,20037.088,2479.107,3034.004,101.4573,13846.285714285714,1.451,6847.59,2.117186,1.3505,0.1,111.88,0.59
2018-01-01,1.5,4.0,66.67,2.6,14886.6,0.1377211055953969,20328.553,2517.268,3093.299,101.3939,13962.7,1.461,6981.0225,2.157823,1.3579249999999998,0.42,112.3075,0.5325
2018-02-01,1.5,4.1,68.6,2.6,14921.1,0.1377211055953969,20328.553,2517.268,3093.299,101.7656,13785.428571428572,1.461,7385.86,2.123101,1.4247,0.08,109.5,0.62
2018-03-01,1.5,4.0,64.23,2.6,14974.8,0.1377211055953969,20328.553,2517.268,3093.299,102.2441,13906.142857142857,1.461,7180.56,2.366925,1.3755,0.08,106.91,0.59
2018-04-01,1.75,4.0,69.02,2.2,15007.2,0.1641698325692857,20580.912,2562.172,3105.995,103.3468,14128.871428571429,1.465,6918.45,2.491592,1.4030333333333334,0.02,106.06,0.4775
2018-05-01,1.75,3.8,74.85,2.2,15057.8,0.1641698325692857,20580.912,2562.172,3105.995,102.3911,13924.228571428572,1.465,7130.703,2.543212,1.3611,0.3,109.69,0.47
2018-06-01,1.75,4.0,74.54,2.2,15119.3,0.1641698325692857,20580.912,2562.172,3105.995,103.1924,14028.614285714286,1.465,7554.332,2.551897,1.3358,0.06,109.49,0.42
2018-07-01,2.0,3.8,76.95333333333333,1.3,15184.7,0.2738813830650886,20798.73,2535.501,3153.747,103.3334,14094.442857142856,1.467,7548.560333333334,2.518753,1.3154333333333332,0.06,110.72333333333333,0.31
2018-08-01,2.0,3.8,72.28,1.3,15238.6,0.2738813830650886,20798.73,2535.501,3153.747,104.0807,14098.128571428571,1.467,7707.285,2.432443,1.312,0.02,111.72,0.33
2018-09-01,2.0,3.7,77.23,1.3,15237.5,0.2738813830650886,20798.73,2535.501,3153.747,104.1181,14195.828571428572,1.467,8104.9675,2.462881,1.293125,0.28,111.095,0.24
2018-10-01,2.25,3.8,84.94,1.9,15274.1,-0.0996770352154505,20917.867,2537.415,3171.622,103.9397,14202.0,1.465,8037.3,2.415236,1.3032,0.16,113.96,0.27
2018-11-01,2.25,3.8,71.25,1.9,15315.2,-0.0996770352154505,20917.867,2537.415,3171.622,104.0007,14191.157142857144,1.465,7434.06,2.476418,1.2974,0.14,112.79,0.3
2018-12-01,2.25,3.9,58.53,1.9,15506.5,-0.0996770352154505,20917.867,2537.415,3171.622,103.9946,14312.871428571429,1.465,7367.53,2.456173,1.2762,0.1,113.54,0.19
2019-01-01,2.5,4.0,53.362,1.6,15501.7,-0.0748433725031234,21104.133,2544.106,3142.693,103.373,14530.128571428571,1.458,6650.61,2.375054,1.2680500000000001,0.82,109.46000000000001,0.185
2019-02-01,2.5,3.8,61.86,1.6,15553.7,-0.0748433725031234,21104.133,2544.106,3142.693,102.8292,14361.528571428571,1.458,7263.87,2.375943,1.3094,0.88,109.55,0.18
2019-03-01,2.5,3.8,63.71,1.6,15568.9,-0.0748433725031234,21104.133,2544.106,3142.693,102.8286,14456.785714285716,1.458,7595.35,2.356946,1.3222,0.7,111.89,0.21
2019-04-01,2.5,3.7,69.08,1.8,15524.4,0.2324128377929672,21384.775,2545.358,3160.379,102.2481,14652.3,1.46,7828.91,2.392773,1.3144,0.74,111.29,0.16
2019-05-01,2.5,3.6,72.01,1.8,15519.6,0.2324128377929672,21384.775,2545.358,3160.379,102.4192,14497.642857142857,1.46,8049.64,2.360903,1.3091,0.42,111.18,0.21
2019-06-01,2.5,3.6,65.57333333333334,1.8,15546.4,0.2324128377929672,21384.775,2545.358,3160.379,102.4893,14659.442857142858,1.46,7413.106666666667,2.392597,1.2620333333333333,0.38,108.57,0.21
2019-07-01,2.5,3.7,65.1,1.5,15565.7,0.8444088441019812,21694.282,2532.395,3116.653,102.0236,14778.0,1.454,8091.16,2.475923,1.2644,0.38,108.42,0.25
2019-08-01,2.25,3.6,62.9,1.5,15654.1,0.8444088441019812,21694.282,2532.395,3116.653,102.7754,14846.742857142857,1.454,8111.12,2.630398,1.2145,0.14,108.28,0.17
2019-09-01,2.25,3.5,59.379999999999995,1.5,15691.3,0.8444088441019812,21694.282,2532.395,3116.653,102.5315,14929.885714285714,1.454,7918.52,2.622934,1.2126,0.72,106.09,0.0
2019-10-01,2.0,3.6,60.06,1.3,15718.1,0.9827510813603104,21902.39,2531.943,3048.089,101.6022,15027.32857142857,1.438,7908.68,2.747596,1.2242,1.32,107.7,0.09
2019-11-01,1.75,3.6,60.17,1.3,15778.2,0.9827510813603104,21902.39,2531.943,3048.089,102.148,15158.657142857142,1.438,8386.4,2.772021,1.295,0.42,108.16,0.17
2019-12-01,1.75,3.6,63.63333333333333,1.3,15684.8,0.9827510813603104,21902.39,2531.943,3048.089,101.884,15312.985714285714,1.438,8600.483333333334,2.752609,1.2937,0.84,109.21666666666667,0.20333333333333334
2020-01-01,1.75,3.6,67.41,1.7,15852.5,-0.88495333466154,21706.513,2416.101,2934.121,101.3768,15461.685714285713,1.391,9032.395,2.790484,1.31985,0.3,108.55000000000001,0.32
2020-02-01,1.75,3.5,56.513333333333335,1.7,15918.0,-0.88495333466154,21706.513,2416.101,2934.121,101.633,15339.92857142857,1.391,9191.76,2.800101,1.3132,0.18,108.53,0.18
2020-03-01,1.75,4.4,52.11666666666667,1.7,15696.3,-0.88495333466154,21706.513,2416.101,2934.121,97.6672,15465.67142857143,1.391,8823.896666666667,2.606553,1.2786666666666666,100.0,108.05333333333333,0.26333333333333336
2020-04-01,0.25,14.8,14.97,-0.8,18020.2,-9.153023288753941,19913.143,1811.351,2342.488,84.5979,16659.671428571426,1.128,7360.58,2.179323,1.2394,100.0,107.05,0.39
2020-05-01,0.25,13.2,18.49,-0.8,17104.6,-9.153023288753941,19913.143,1811.351,2342.488,85.9732,17443.042857142857,1.128,8604.95,2.01414,1.2509,0.06,106.76,0.44
2020-06-01,0.25,11.0,36.74,-0.8,17035.0,-9.153023288753941,19913.143,1811.351,2342.488,91.5625,17910.9,1.128,9552.05,1.993544,1.2472,0.02,107.56,0.52
2020-07-01,0.25,10.2,42.18,3.1,17193.2,-2.5690680286787666,21647.64,2106.577,2802.324,95.0144,18207.814285714285,1.176,10154.63,2.281283,1.2474,0.0,107.5,0.52
2020-08-01,0.25,8.4,43.34,3.1,16525.8,-2.5690680286787666,21647.64,2106.577,2802.324,95.8881,18188.37142857143,1.176,10797.78,2.213149,1.3106333333333333,0.0,105.89,0.44333333333333336
2020-09-01,0.25,7.8,45.72,3.1,16607.9,-2.5690680286787666,21647.64,2106.577,2802.324,95.8444,18396.300000000003,1.176,11939.67,1.980283,1.3416,0.02,106.0,0.55
2020-10-01,0.25,6.8,39.75,1.8,16561.9,-2.0301046988244935,22024.502,2266.421,3027.081,96.4292,18550.185714285715,1.163,11326.51,1.747303,1.2901,0.02,105.53,0.54
2020-11-01,0.25,6.7,37.29666666666667,1.8,16368.1,-2.0301046988244935,22024.502,2266.421,3027.081,96.8564,18802.557142857142,1.163,10942.27,1.697582,1.2913666666666666,0.24,104.71333333333334,0.72
2020-12-01,0.25,6.7,47.03,1.8,16406.1,-2.0301046988244935,22024.502,2266.421,3027.081,97.9754,19065.114285714288,1.163,12355.11,1.600671,1.3392,0.06,104.4,0.75
2021-01-01,0.25,6.4,51.0075,3.6,18107.3,-1.2424686663090272,22600.185,2382.789,3175.205,98.7836,19333.814285714285,1.153,12840.8225,1.400569,1.363425,0.0,103.19,0.805
2021-02-01,0.25,6.2,56.42,3.6,16604.9,-1.2424686663090272,22600.185,2382.789,3175.205,95.3744,19385.3,1.153,13403.39,1.405123,1.3672,0.0,104.97,0.98
2021-03-01,0.25,6.1,64.56,3.6,20422.6,-1.2424686663090272,22600.185,2382.789,3175.205,98.1351,19626.5,1.153,13588.83,1.592366,1.3938,0.0,106.68,1.32
2021-04-01,0.25,6.1,63.85,6.0,17316.6,-0.2169354951567231,23292.362,2498.27,3330.241,98.2886,20199.399999999998,1.145,13480.11,2.209393,1.3825,0.24,110.61,1.52
2021-05-01,0.25,5.8,68.025,6.0,16819.1,-0.2169354951567231,23292.362,2498.27,3330.241,99.1508,20233.4,1.145,13940.16,2.562825,1.3862999999999999,0.02,109.24666666666667,1.4833333333333334
2021-06-01,0.25,5.9,70.03,6.0,16736.3,-0.2169354951567231,23292.362,2498.27,3330.241,99.5096,20295.514285714286,1.145,13736.48,2.558145,1.4168,0.08,109.43,1.46
2021-07-01,0.25,5.4,76.69,4.8,16836.1,0.1027280719598309,23828.973,2565.968,3450.245,100.1231,20438.34285714286,1.144,14522.38,2.323597,1.378,0.0,111.56,1.23
2021-08-01,0.25,5.1,75.17999999999999,4.8,16791.7,0.1027280719598309,23828.973,2565.968,3450.245,100.1255,20625.785714285714,1.144,14678.273333333333,2.332419,1.3895,0.2,109.38,1.0366666666666666
2021-09-01,0.25,4.7,71.99,4.8,16564.3,0.1027280719598309,23828.973,2565.968,3450.245,99.0614,20819.457142857143,1.144,15309.38,2.610662,1.379,0.34,110.03,1.11
2021-10-01,0.25,4.5,79.4,5.2,16547.4,1.3003906629354187,24654.603,2753.126,3677.415,100.3045,20948.371428571427,1.156,14566.7,3.007604,1.3572,0.02,110.97,1.21
2021-11-01,0.25,4.1,84.51,5.2,16499.8,1.3003906629354187,24654.603,2753.126,3677.415,101.1971,21169.0,1.156,15595.92,3.184384,1.3679,0.04,114.19,1.08
2021-12-01,0.25,3.9,69.53,5.2,16418.5,1.3003906629354187,24654.603,2753.126,3677.415,100.886,21414.67142857143,1.156,15254.05,3.456458,1.3308,0.32,112.82,0.87
2022-01-01,0.25,4.0,77.57666666666667,6.0,16080.8,0.2994050947332649,25029.116,2837.615,3927.291,101.0227,21724.942857142858,1.158,15707.58,3.965498,1.3484500000000001,0.18,115.22,0.81
2022-02-01,0.25,3.8,90.24,6.0,16092.7,0.2994050947332649,25029.116,2837.615,3927.291,101.6766,21517.571428571428,1.158,14346.0,4.280304,1.3505,0.1,114.77,0.63
2022-03-01,0.25,3.6,110.93,6.0,16028.1,0.2994050947332649,25029.116,2837.615,3927.291,102.478,21673.84285714286,1.158,13532.46,4.534344,1.3318,0.1,114.87,0.41
2022-04-01,0.5,3.7,106.13,4.7,16042.6,-0.3390467876436955,25544.273,3044.272,4069.839,102.7953,21928.814285714285,1.179,14261.5,4.703935,1.3114,0.24,122.6,-0.05
2022-05-01,0.5,3.6,106.65,4.7,16023.2,-0.3390467876436955,25544.273,3044.272,4069.839,102.7769,21609.8,1.179,12468.893333333333,4.950974,1.2537,0.26,130.06666666666666,0.23666666666666666
2022-06-01,1.0,3.6,122.2,4.7,15963.4,-0.3390467876436955,25544.273,3044.272,4069.839,102.6863,21549.614285714284,1.179,11994.46,5.39633,1.2472,0.28,130.09,0.28
2022-07-01,1.75,3.5,119.21,5.0,16109.3,-0.1966358443473505,25994.639,3084.498,3976.524,103.1328,21584.2,1.202,11127.85,5.59073,1.2048,0.14,135.09,0.04
2022-08-01,2.5,3.6,106.09,5.0,16161.4,-0.1966358443473505,25994.639,3084.498,3976.524,103.2344,21595.9,1.202,12368.98,5.951312,1.2278,0.12,131.8,-0.3
2022-09-01,2.5,3.5,92.24,5.0,16184.9,-0.1966358443473505,25994.639,3084.498,3976.524,103.5283,21506.47142857143,1.202,11785.13,6.348017,1.1541,0.18,139.93,-0.25
2022-10-01,3.25,3.6,89.49333333333334,4.7,16223.5,-0.0767297471663106,26408.405,3013.8,3891.004,103.4114,21416.742857142857,1.234,10655.556666666667,6.312946,1.1179999999999999,0.78,144.64000000000001,-0.41000000000000003
2022-11-01,3.25,3.6,95.12,4.7,16229.6,-0.0767297471663106,26408.405,3013.8,3891.004,103.0707,21375.15714285714,1.234,10890.85,6.422543,1.146,1.14,148.11,-0.47
2022-12-01,4.0,3.5,86.28,4.7,16265.1,-0.0767297471663106,26408.405,3013.8,3891.004,101.4848,21402.857142857145,1.234,11482.45,6.538167,1.2252,0.96,135.55,-0.72
2023-01-01,4.5,3.4,81.59,5.0,16601.9,-0.060974011358675,26813.601,3064.804,3890.491,102.5478,21400.871428571427,1.273,10426.73,6.487554,1.20235,0.08,131.32,-0.5700000000000001
2023-02-01,4.5,3.6,81.61,5.0,16656.1,-0.060974011358675,26813.601,3064.804,3890.491,102.5671,21141.45714285714,1.273,11816.32,6.525,1.2308,0.28,129.27,-0.7
2023-03-01,4.75,3.5,83.68,5.0,16730.2,-0.060974011358675,26813.601,3064.804,3890.491,102.6592,21129.442857142858,1.273,11379.48,6.390946,1.2034,0.3,135.82,-0.88
2023-04-01,5.0,3.4,81.39666666666666,3.7,16763.9,-0.0938585998616394,27063.012,2961.759,3767.851,103.1512,20936.714285714286,1.302,12211.09,6.264224,1.2380333333333333,0.24,132.61666666666667,-0.5666666666666667
2023-05-01,5.0,3.7,77.8625,3.7,16818.5,-0.0938585998616394,27063.012,2961.759,3767.851,102.924,20653.9,1.302,12212.6,5.975255,1.2495,0.38,137.35,-0.55
2023-06-01,5.25,3.6,74.18,3.7,16809.5,-0.0938585998616394,27063.012,2961.759,3767.851,102.3002,20801.87142857143,1.302,13100.98,5.586684,1.2536,0.42,138.74,-0.72
2023-07-01,5.25,3.5,74.51333333333334,2.0,16808.4,0.5408295413753686,27610.128,3030.751,3809.982,103.19,20752.7,1.326,13797.536666666667,5.405751,1.2704333333333333,0.12,144.48,-1.0666666666666667
2023-08-01,5.5,3.8,85.34,2.0,16814.6,0.5408295413753686,27610.128,3030.751,3809.982,103.1141,20724.842857142856,1.326,14283.91,5.172225,1.275,0.16,143.34,-0.87
2023-09-01,5.5,3.8,89.98,2.0,16804.5,0.5408295413753686,27610.128,3030.751,3809.982,103.2096,20711.2,1.326,14031.81,4.95977,1.2594,0.12,146.2,-0.69
2023-10-01,5.5,3.8,92.75999999999999,2.0,16856.6,0.7898088435794496,27938.831,3054.04,3835.099,102.3722,20692.257142857143,1.344,13278.286666666667,4.882928,1.2158,0.72,149.67666666666668,-0.43333333333333335
2023-11-01,5.5,3.7,86.92,2.0,16936.4,0.7898088435794496,27938.831,3054.04,3835.099,102.671,20634.585714285717,1.344,13061.47,4.688293,1.2127,0.36,150.96,-0.18
2023-12-01,5.5,3.7,78.72,2.0,16950.8,0.7898088435794496,27938.831,3054.04,3835.099,102.6715,20829.0,1.344,14305.03,4.554396,1.2682,0.74,147.0,-0.34
2024-01-01,5.5,3.7,76.60249999999999,2.0,16950.8,0.7898088435794496,27938.831,3054.04,3835.099,102.5739,20959.2,1.344,14827.2925,4.603922367,1.265975,0.74,141.64749999999998,-0.3725
2024-02-01,5.5,3.7,82.2,2.0,16950.8,0.7898088435794496,27938.831,3054.04,3835.099,102.5739,20959.2,1.344,15361.64,4.603922367,1.2727,0.74,146.18,-0.33
